frame,id,real_world_x,real_world_y,width,real_width,speed_kmh,distance_m
10,2,-18.755108183552444,3.297995465688613,43.19928359985352,0.9602651517184216,0.0,0.0
11,2,-18.2537232927022,3.0329256921781576,53.20886993408203,1.151959051949227,0.0,0.5671408939600409
12,2,-17.835060338270143,2.8339819425548285,65.1763687133789,1.3764473367921213,0.0,1.0306678995680953
13,2,-17.436126901193465,2.636905474889365,79.4644660949707,1.641967973910158,0.0,1.4756252248536879
14,2,-17.208774312086508,2.559842269561395,92.64263534545898,1.898590532266129,0.0,1.715683420691817
15,2,-17.004672469710364,2.489126390941233,103.53540802001952,2.0893598460398524,0.0,1.9316887390299489
16,2,-16.89486283479953,2.4897344597406867,115.18772506713869,2.309572062584097,11.85962239613496,2.04150005751268
17,2,-16.81802279788794,2.5172413425853657,127.13200378417967,2.5410734402598165,8.814427709068124,2.1231151288929406
18,2,-16.66966758880515,2.4838356228642198,137.3924331665039,2.7259464830747206,8.814427709068124,2.2751848831903887
19,2,-16.5213796561509,2.4591719440334208,148.7318458557129,2.9235238974941318,8.814427709068124,2.4255098911709
20,2,-16.552911248298887,2.5499847362403303,158.70907974243164,3.106597569356935,10.382167868944496,2.5216410751426084
21,2,-16.502650475962557,2.605771766595803,171.75785064697266,3.3340311926780344,8.109597667918033,2.5967299424381456
22,2,-16.488803456637356,2.658622554120269,180.60106658935547,3.49305972876907,5.900542897330624,2.6513645988949106
23,2,-16.49536829867096,2.7407752169576063,191.35020446777344,3.7124997705679017,8.900770817170859,2.7337791434983445
24,2,-16.457325179437497,2.797484565540651,202.89614868164065,3.959515104209931,7.375086756264132,2.8020669838341234
25,2,-16.4256084306505,2.8479984694831733,212.9210357666016,4.162126199840805,6.441732989562552,2.8617126596634064
26,2,-16.471814709343715,2.9381216022916683,220.45660400390625,4.310338049883562,10.938005857744876,2.9629904916795624
27,2,-16.663374652256405,3.157117600491409,230.6910781860352,4.481100558480941,10.938005857744876,3.253944884937705
28,2,-16.971675773538333,3.4724363164572467,242.0433654785156,4.684357878773052,10.938005857744876,3.6949386196120644
29,2,-16.557264659562072,3.2579101994437027,253.8385162353516,4.874334631558425,10.938005857744876,4.161584123466922
30,2,-16.122811055637065,2.998203441701043,262.0679626464844,5.014480314889321,10.938005857744876,4.667743716856825
31,2,-17.664933921217102,4.211514702610326,268.8355865478516,5.134714345616075,10.938005857744876,6.6299534784251595
32,2,-17.383068564287274,4.084733791036566,278.7966613769531,5.287874610161103,10.938005857744876,6.939018971446708
33,2,-17.888293346838616,4.567922827832761,286.2615966796875,5.407971367298639,10.938005857744876,7.6381067529048625
34,2,-18.010131685564424,4.751247263704008,298.4145812988281,5.624544878222917,10.938005857744876,7.8582258787685095
35,2,-18.000868793750367,4.8127570861336455,310.5325927734375,5.875883265900517,6.717964116893219,7.920429250221225
36,2,-17.913365643310133,4.857656438391361,316.97296142578125,6.096022597442032,10.621816839711617,8.01877940614448
37,2,-16.585156433183627,3.9472555567491967,321.1053771972656,6.206662024419498,10.621816839711617,9.629049405604107
38,2,-15.589909797085342,3.307141163786421,326.22090911865234,6.306931298951416,10.621816839711617,10.81237620017231
39,2,-15.133599882057698,3.1100061342808445,325.9984130859375,6.32604328546425,10.621816839711617,11.309448587668035
40,2,-14.64188427623804,2.9215862397634687,319.76133728027344,6.193260911823626,10.621816839711617,11.836028395158346
41,2,-14.317752905413505,2.8326796850587805,316.99365234375,6.086405939201472,10.621816839711617,12.172131833138456
42,2,-13.979704125616813,2.734380181971501,317.65491485595703,6.101104481446666,10.621816839711617,12.524182638888476
43,2,-13.685415980316536,2.707080239177738,311.8223419189453,6.006976165320064,10.621816839711617,12.819734325300209
44,2,-13.473667102862889,2.7481276006276234,309.33522033691406,5.949117494849991,10.621816839711617,13.035425013520348
45,2,-13.274670439473352,2.743950995388872,306.28067779541016,5.9101387357823,10.621816839711617,13.234465502043383
46,2,-13.037757471896256,2.68362425179914,306.98094177246094,5.886981796940288,10.621816839711617,13.478938547997998
47,2,-12.734900648582764,2.6281653832723446,305.16966247558594,5.854616659165612,10.621816839711617,13.786831291539986
48,2,-12.447684037931904,2.6126598515238797,298.43975830078125,5.70875867320926,10.621816839711617,14.074466134611146
49,2,-12.190935054097356,2.615906053860092,299.7915344238281,5.74548166709775,10.621816839711617,14.33123563928349
50,2,-11.954759640343408,2.594637389985309,296.30397033691406,5.670998239161107,10.621816839711617,14.568366788913535
51,2,-11.795299241820675,2.673613437001355,290.9630584716797,5.582041094886348,10.621816839711617,14.746312945655706
52,2,-11.544716904425858,2.672417894570257,288.93772888183594,5.533130852101788,10.621816839711617,14.996898135034398
53,2,-11.34827937713443,2.6881392471251644,288.1947555541992,5.53489502532069,10.621816839711617,15.193963766372097
54,2,-11.120683699250913,2.702048325425306,287.9348831176758,5.520809399939176,10.621816839711617,15.421984061632008
55,2,-10.906025009719764,2.7191128705751813,281.88636016845703,5.418786742012832,10.621816839711617,15.637319965959183
56,2,-10.62295535847001,2.6576420700338708,281.6297836303711,5.375801331931745,10.621816839711617,15.926987165997168
57,2,-10.398706878346696,2.682206191209377,281.56514739990234,5.375924059990339,10.621816839711617,16.152577008159312
58,2,-10.114444231987292,2.6239315631316744,279.58937072753906,5.296427774636023,10.621816839711617,16.44275141156672
59,2,-9.878628919062534,2.6140487522785145,276.8850402832031,5.2464786746304926,10.621816839711617,16.678773723563197
60,2,-9.626693423652918,2.5829521159735016,273.9155044555664,5.178652962230526,10.621816839711617,16.93262110810118
61,2,-9.376894608612975,2.5788673676569283,272.8561248779297,5.169015487391713,10.621816839711617,17.182453318122565
62,2,-9.175519324604302,2.5933116997006787,272.51092529296875,5.156136817470892,10.621816839711617,17.3843459721191
63,2,-8.882450972933206,2.527798191729756,272.4352569580078,5.110163402320498,10.621816839711617,17.684647617931887
64,2,-8.61667419359019,2.5106020127679702,268.47637939453125,5.033473444156747,10.621816839711617,17.950980126290954
65,2,-8.411804013923945,2.5545701660156244,265.03692626953125,4.983870006143415,10.621816839711617,18.160515299988568
66,2,-8.174367476728534,2.544101822856609,261.8089599609375,4.917275611720779,10.621816839711617,18.39818249461972
67,2,-7.899248505653312,2.5081852076194884,260.6802062988281,4.880611676057183,10.621816839711617,18.67563600693409
68,2,-7.63810654478277,2.5028533130203394,260.3189392089844,4.882005655606451,10.621816839711617,18.936832394403996
69,2,-7.380340384694316,2.50824297275471,256.2623748779297,4.822483197080253,10.621816839711617,19.194654894816196
70,2,-7.147623228028015,2.4866125072469623,254.80938720703125,4.791578944511623,10.621816839711617,19.42837513793803
71,2,-6.92437774882049,2.5253714981286874,254.34063720703125,4.794806867047671,10.621816839711617,19.65496022871138
72,2,-6.654518802368862,2.543215225789552,252.2413330078125,4.771237285416304,10.621816839711617,19.925408467006285
73,2,-6.392438525607756,2.521611144311414,249.52381896972656,4.714232293356758,10.621816839711617,20.18837768156132
74,2,-6.1108070803567776,2.481782178012036,248.5741424560547,4.681272262348615,10.621816839711617,20.47281153592931
75,2,-5.846140942803167,2.438573361632706,246.29718017578125,4.621413601545256,10.621816839711617,20.740981568148516
76,2,-5.585244585163947,2.4300108629854145,241.51194763183597,4.512941539034998,10.621816839711617,21.002018396608594
77,2,-5.323740686040165,2.4338769860891114,239.80892944335935,4.486392201067869,10.621816839711617,21.263550872918504
78,2,-5.068751029404205,2.4074670247194465,241.2655792236328,4.504787979815058,10.621816839711617,21.51990455643187
79,2,-4.792658319917514,2.365866390738097,237.8909454345703,4.426236437465363,10.621816839711617,21.799113791557346
80,2,-4.540764738599817,2.396619356168259,232.6867218017578,4.335569096927338,10.621816839711617,22.0528776999285
81,2,-4.320130563530685,2.459486031864863,232.8430938720703,4.354414280092799,10.621816839711617,22.28229360635519
82,2,-4.017407133999118,2.4076499307968358,234.9725646972656,4.362616349272502,10.621816839711617,22.589422986521413
83,2,-3.738546958648743,2.395614536946906,231.85015869140625,4.304610613183788,10.621816839711617,22.86854276027735
84,2,-3.503198892232348,2.441773115338429,228.73681640625,4.259846821315069,10.621816839711617,23.10837463206478
85,2,-3.2453495450058027,2.4663321843859283,231.6607818603516,4.307313534666245,10.621816839711617,23.367390912899857
86,2,-2.944050213171772,2.439072470210708,230.80499267578125,4.27544540545923,10.621816839711617,23.66992087733404
87,2,-2.63880673095591,2.4317265905225347,228.53846740722656,4.23725955641666,10.621816839711617,23.975252738402713
88,2,-2.3873484506360243,2.480076269849819,221.74415588378903,4.125125451406507,10.621816839711617,24.231317101859414
89,2,-2.0884982539555184,2.4615218525958333,221.2793426513672,4.108797674786684,10.621816839711617,24.530742729445986
90,2,-1.8052116652284425,2.4616196792609246,221.1708526611328,4.114843770693985,10.621816839711617,24.814029335064184
91,2,-1.5018416268923114,2.464444156317408,219.20635986328125,4.068241884134686,10.621816839711617,25.117412521530916
92,2,-1.2098317529995366,2.432545420060509,218.53646850585935,4.040671870551465,10.621816839711617,25.41115951441027
93,2,-0.9284939085480106,2.427950402409776,218.33917236328125,4.042067718949951,10.621816839711617,25.692534880972165
94,2,-0.6043433085793781,2.465415589154587,218.3232421875,4.051546886324276,10.621816839711617,26.01884340319898
95,2,-0.3073218293132254,2.4872775653111363,218.36196899414065,4.04453142745175,10.621816839711617,26.316668360425407
96,2,0.0039251569156307,2.539212155673545,216.43313598632807,4.014925721326669,10.621816839711617,26.632218496081624
97,2,0.2757261071591086,2.48877265751336,213.7598876953125,3.957762841135074,10.621816839711617,26.908659989942276
98,2,0.6029474066607203,2.5091491294984936,212.8077392578125,3.9447373423234544,10.621816839711617,27.23651510955776
99,2,0.885120611177935,2.5697081719506305,210.5126953125,3.9155442351699583,10.621816839711617,27.525113645538514
100,2,1.1677720117061845,2.5585216433398865,209.69924926757807,3.894170514519944,10.621816839711617,27.807986324747624
101,2,1.4515707721273696,2.520296466263417,209.45901489257807,3.897499529164021,10.621816839711617,28.09434781059921
102,2,1.801517611886892,2.630612583468468,209.4095764160156,3.928757022605192,10.621816839711617,28.46127074034451
103,2,2.112474017621938,2.637151313605235,205.45257568359372,3.854794019746792,10.621816839711617,28.772295886047328
104,2,2.414314464329483,2.64690084257542,204.015380859375,3.837800923100597,10.621816839711617,29.074293747933385
105,2,2.708113905119533,2.7484390620473262,201.5391540527344,3.827643082771353,10.621816839711617,29.385144389596018
106,2,3.051785217708744,2.8782795886439594,198.66238403320312,3.7948846364348783,10.621816839711617,29.75252502795858
107,2,3.3142969806295564,2.8988022139298084,197.66033935546875,3.7749177059472094,10.621816839711617,30.01583777702405
108,2,3.6291310531408825,2.9088918053640165,195.35110473632807,3.7384536650845215,10.621816839711617,30.33083348027947
109,2,3.891617060572224,2.9286844246531407,194.55587768554688,3.738426841882822,10.621816839711617,30.59406465600828
110,2,4.1752478217962565,2.9934557927524064,192.32290649414065,3.712050758196487,10.621816839711617,30.884997189146073
111,2,4.494798720441392,3.071223116758949,191.55679321289065,3.71286227556202,10.621816839711617,31.21387487690864
112,2,4.8013257030314485,3.211380784036153,187.33712768554688,3.6701456555801655,10.621816839711617,31.550925262982226
113,2,5.050568903492168,3.234047503990128,189.85336303710935,3.725151883636217,10.621816839711617,31.801197021615465
114,2,5.366807576462247,3.297896884563987,186.84017944335935,3.677375915141955,10.621816839711617,32.12381698640615
115,2,6.175366918330383,4.496688007000514,183.76144409179688,3.6316229821304393,10.621816839711617,33.56980051485827
116,2,6.343930754268218,4.254257007542933,182.69512939453125,3.62792657556666,10.621816839711617,33.865074212102165
117,2,6.3517845196357285,3.779270354788616,180.3563232421875,3.622572769815357,10.621816839711617,34.340125790275735
118,2,6.558395609599538,3.657556993214177,181.55987548828125,3.673823314299519,10.621816839711617,34.5799221307019
119,2,6.853193913630648,3.6832167783367193,180.06637573242188,3.6641799786430784,10.621816839711617,34.87583506491086
120,2,7.1033036232392766,3.716299333021863,173.55917358398438,3.5524868794759232,10.621816839711617,35.128123237968985
121,2,7.451283445031102,3.907940122254149,171.1842041015625,3.545568762231503,10.621816839711617,35.525384044583284
122,2,7.666717154223377,3.895099220511808,172.41146850585938,3.5779586652026523,10.621816839711617,35.74120010472223
123,2,7.94907565530792,3.9630253781389055,168.9232177734375,3.519916114813461,10.621816839711617,36.03161409547455
124,2,8.210127282182643,4.07365138000395,167.6927490234375,3.514655847567248,10.621816839711617,36.31513845806547
125,2,8.518804689469418,4.190807120940893,163.29006958007812,3.4415361049706243,10.621816839711617,36.645300856596506
126,2,8.850423121803049,4.31217972961389,161.73614501953125,3.427731159561595,10.621816839711617,36.99843269429952
127,2,9.092835762006064,4.326768929158591,163.26040649414062,3.4588707741620985,10.621816839711617,37.24128395098466
128,2,9.41754947255625,4.47335250422436,161.8897705078125,3.464474916934944,10.621816839711617,37.59755033769316
129,2,9.699943500454726,4.556134818494107,163.45166015625,3.525140018275761,10.621816839711617,37.891827925267506
130,2,9.924533507311324,4.553992702610552,162.08908081054688,3.4970115573123617,10.621816839711617,38.116428147529874
131,2,10.256301901869158,4.701232280379287,159.62548828125,3.457971249921595,10.621816839711617,38.47940164640961
132,2,10.474751609698789,4.73028116937537,158.75674438476562,3.4375747095413365,10.621816839711617,38.69977431441261
133,2,10.788417860055944,4.898027800895755,158.48748779296875,3.4462571692144213,10.621816839711617,39.05547847379165
134,2,11.104023428565831,4.98554906394527,154.43984985351562,3.3754160743655697,10.621816839711617,39.382994651041315
135,2,11.443838402068604,5.1115842526628406,154.988525390625,3.407564486534357,10.621816839711617,39.7454295900466
136,2,11.640529150430194,5.136694473528236,157.2359619140625,3.45922407963449,10.621816839711617,39.94371668918053
137,2,11.96866035984675,5.235399789964063,154.14047241210938,3.426361940989429,10.621816839711617,40.286372245221685
138,2,12.298916089065893,5.297959269364312,153.00668334960938,3.427070435596704,10.621816839711617,40.622500993092046
139,2,12.57592713105713,5.35946328568797,152.62655639648438,3.4440802241199537,10.621816839711617,40.90625768712588
140,2,12.833903666455798,5.420957107313939,156.51681518554688,3.533970715182317,10.621816839711617,41.17146210434865
141,2,13.088081001791092,5.483584493480056,154.03692626953125,3.494877306387508,10.621816839711617,41.43324122363846
142,2,13.340998504123569,5.546560471186553,157.09799194335938,3.5631697176966344,10.621816839711617,41.69388127572982
143,2,13.62068947117067,5.601416778030655,160.22360229492188,3.648292946583042,10.621816839711617,41.9789010144293
144,2,13.915766171486926,5.657536994793751,155.50918579101562,3.5611865472781608,10.621816839711617,42.2792670208266
145,2,14.216331067356716,5.711472612020967,155.68533325195312,3.563085830043174,10.621816839711617,42.5846328791587
146,2,14.523190911716824,5.767184732538355,157.74810791015625,3.624758898800554,10.621816839711617,42.89650914381065
147,2,14.87742112073054,5.903871528002738,158.52008056640625,3.665436702994149,10.621816839711617,43.276196279531916
148,2,15.180551027184883,5.996117325565497,154.87481689453125,3.581281624123656,10.621816839711617,43.59305117906009
149,2,15.423198188705037,5.9953874944635706,155.48208618164062,3.6107357721076263,10.621816839711617,43.835699438166195
150,2,15.65517463607583,6.041344443940765,157.704345703125,3.6615232049103614,10.621816839711617,44.07218434960882
151,2,16.02267818504919,6.171151757929336,156.56689453125,3.6503194820638223,10.621816839711617,44.461939140821116
152,2,16.154857720693965,6.1208300041672645,154.15567016601562,3.569158222317894,10.621816839711617,44.60337360813711
153,2,16.380588150010293,6.146015152835088,153.25213623046875,3.5555496308671994,10.621816839711617,44.8305046681724
154,2,16.699537054689266,6.18562562303001,156.91049194335938,3.656774512812057,10.621816839711617,45.15190378631833
155,2,16.945712253926057,6.259973644743311,154.3355712890625,3.5986993750812486,10.621816839711617,45.4090610476429
156,2,17.108244821487705,6.166288694014465,153.35018920898438,3.5649700888219957,10.621816839711617,45.59666090241696
157,2,17.323660612499367,6.183312622470486,154.98074340820312,3.6177379260661455,10.621816839711617,45.81274833184601
158,2,17.67731252310663,6.313094891632967,155.59927368164062,3.655210706954344,10.621816839711617,46.189461898452166
159,2,18.093345742827704,6.490838776914303,155.83172607421875,3.687420190486826,10.621816839711617,46.64187380000471
160,2,18.321511154438003,6.532056760800573,153.94747924804688,3.646249007167916,10.621816839711617,46.87373232853223
161,2,18.47841503643222,6.522620232637179,155.22372436523438,3.6715459995162254,10.621816839711617,47.030919720674966
162,2,18.850629052489214,6.637483691611427,157.6878662109375,3.743356078350007,10.621816839711617,47.42045391424057
163,2,19.035999705110918,6.662698453523051,158.62188720703125,3.7660906878906943,10.621816839711617,47.607531606848895
164,2,19.302731946924613,6.721396188612084,158.96548461914062,3.792529267878276,10.621816839711617,47.88064607539192
165,2,19.60246474217096,6.792277536301813,155.13803100585938,3.6994344924171054,10.621816839711617,48.18864593577582
166,2,19.78894098125214,6.794238992452511,155.65951538085938,3.7050831791533194,10.621816839711617,48.3751324903906
167,2,19.985352384768017,6.75342513513421,157.84121704101562,3.74390490111593,10.621816839711617,48.57573959490157
168,2,20.416540791024843,6.970068123752555,158.6597900390625,3.7804295640528207,10.621816839711617,49.0582928315582
169,2,20.68296834786109,7.0193346459742045,158.97161865234375,3.785887075375953,10.621816839711617,49.32923716763767
170,2,20.989217785007032,7.086574712551736,159.08404541015625,3.779093216137159,10.621816839711617,49.64278133407289
171,2,21.39902362867048,7.257478036207839,161.09170532226562,3.843225665959402,10.621816839711617,50.08679572070627
172,2,21.629588820902057,7.296854666842748,159.87313842773438,3.813996720652242,10.621816839711617,50.32069917709147
173,2,21.903480070080352,7.371526150655229,161.37396240234375,3.869801855363568,10.621816839711617,50.60458691347895
174,2,22.0202870314389,7.268947897979757,159.95745849609375,3.8327788960972615,10.621816839711617,50.76004161473874
175,2,22.34077048498525,7.385475993576741,163.36917114257812,3.9083817662636298,10.621816839711617,51.10105252521002
176,2,22.450014702606115,7.310163010511583,164.63150024414062,3.928155611649341,14.330401329642543,51.23374142641042
177,2,22.70691434546433,7.332689721292832,169.02713012695312,4.019848519271143,14.330401329642543,51.49162682576311
178,2,22.90616670905676,7.307771363017021,170.67535400390625,4.07302237549109,14.330401329642543,51.69243128033604
179,2,23.023681504616366,7.277835900230469,167.35610961914062,3.994190914127907,13.096913400941528,51.81369899701142
180,2,23.14024589699324,7.241029292386949,168.00595092773438,4.003152522964397,13.201640080158723,51.93593640516104
181,2,23.260507845575997,7.2039956655465645,170.19671630859375,4.0465058178349285,13.59017080318551,52.06177132000535
182,2,23.60160528847257,7.348972164802733,167.0767822265625,3.991952742617311,13.59017080318551,52.43240004378044
183,2,23.77183730746577,7.38317669151199,169.81768798828125,4.059899642109058,13.59017080318551,52.606034400800894
184,2,23.94125663064276,7.364007186577909,170.824951171875,4.104377979365878,13.59017080318551,52.776534773191
185,2,24.130437790959743,7.312439537570259,173.15725708007812,4.15619458769794,13.59017080318551,52.9726182601119
186,2,24.40220997357107,7.355007829214777,172.05715942382812,4.149505019567686,13.59017080318551,53.24770402618288
187,2,24.57704493816501,7.3445548876072815,169.61965942382812,4.06186797357518,13.59017080318551,53.42285118954219
188,2,24.68971498409549,7.323517101699882,168.6734619140625,4.02423349300739,12.378669449011896,53.53746849925527
189,2,24.78192068633746,7.300468972965016,168.30670166015625,4.00562492597502,10.264607589217528,53.63251116211839
190,2,25.0505082803546,7.346618710278004,168.1669921875,4.01691184745037,10.264607589217528,53.905034727914035
191,2,25.23075337725037,7.341854452382577,170.08740234375,4.062130176613402,10.264607589217528,54.08534277850596
192,2,25.344445522618777,7.322479583152695,170.80426025390625,4.0742607986172334,12.455771371126248,54.20067399490528
193,2,25.59899016628438,7.380133695395737,173.042724609375,4.147333923874741,12.455771371126248,54.46166627884751
194,2,25.606019528303307,7.296057299940617,173.8729248046875,4.141372319144586,9.111931392255956,54.54603601396099
195,2,25.710458780811976,7.232685161907444,178.11163330078125,4.223311055818891,13.193509747075511,54.66819814124873
196,2,25.96194483286149,7.272986734144088,181.64959716796875,4.322122802212991,13.193509747075511,54.92289296078811
197,2,26.102820170182195,7.270715359002909,179.06597900390625,4.261127273903429,13.193509747075511,55.06378660794885
198,2,26.23428826367606,7.248389149408611,179.97637939453125,4.276352194257687,14.401839175462642,55.19713697068462
199,2,26.32881989902141,7.22240359552972,180.29132080078125,4.276360986829359,10.58812033001046,55.29517512188842
200,2,26.38599283443914,7.205177286837313,174.4581298828125,4.105041249257485,6.44886643833786,55.35488684816933
201,2,26.482561994817864,7.175960426401091,174.18255615234375,4.080098925352258,10.8963531304238,55.45577900678436
202,2,26.678218393857836,7.242819089315381,176.07220458984375,4.142344889987889,10.8963531304238,55.662543383048686
203,2,26.831179710831027,7.246336810424159,174.7994384765625,4.112901088005708,10.8963531304238,55.81554514399271
204,2,27.08070060457161,7.320308856463462,174.30047607421875,4.096886787683821,10.8963531304238,56.07579990381151
205,2,27.07788543332921,7.243124233102357,174.11077880859375,4.08635211358707,8.341482110672493,56.1530358492807
206,2,27.240428969619067,7.2927136698868065,176.0262451171875,4.126629260879991,8.341482110672493,56.322975583981595
207,2,27.35011824489389,7.295361152460433,176.74365234375,4.137284049249487,11.849891836778728,56.43269680469251
208,2,27.435167361980948,7.2780089287228735,180.9620361328125,4.228895257188426,9.374531879718019,56.51949802580101
209,2,27.51899850357644,7.256485368833763,182.54168701171875,4.258729342085168,9.347413371465857,56.606048149610885
210,2,27.722306690893685,7.330309745550514,181.15374755859372,4.249725184840425,9.347413371465857,56.822344838507966
211,2,27.81835348245089,7.349439869649464,182.5616455078125,4.2895046547621,10.576805535290571,56.92027822309399
212,2,27.88132212676772,7.349920846210723,185.04693603515625,4.34840293604283,6.800811972166361,56.98324870431775
213,2,27.92582282606636,7.341051274421287,184.00067138671875,4.3214449998543865,4.9006081973062905,57.02862470614466
214,2,27.96227197616698,7.328283179979275,185.54095458984372,4.354215320515082,4.171044423067015,57.06724548783973
215,2,27.97034719323096,7.322695835359122,186.09722900390625,4.365927289205432,1.0605333325441113,57.07706524091884
216,2,28.02402688554896,7.304955023837483,186.2816162109375,4.36502362532933,6.105817762919831,57.133600590575504
217,2,28.042270183539145,7.298933004279506,186.32427978515625,4.364235680486274,2.0748445546521017,57.15281211422969
218,2,28.07403433659753,7.289383128012099,184.33905029296875,4.314790502082109,3.582217803536833,57.18598079759577
219,2,28.28742884156427,7.359528018303205,183.55755615234372,4.319334145085079,3.582217803536833,57.410608312348415
220,2,28.36741006679841,7.386992600809508,183.2523193359375,4.321016937728675,9.133058605591886,57.4951736698076
221,2,28.38970939320607,7.394902371829315,179.1632080078125,4.227309425410061,2.5553458120999974,57.5188342791789
222,2,28.36671185688223,7.405601700274345,175.60894775390625,4.146667110868765,2.739375465106535,57.544198866818775
223,2,28.354229471325255,7.409246595189647,174.298828125,4.116879420987225,1.4043954242680514,57.55720252815459
224,2,28.40360055244147,7.395367405845111,173.8359375,4.101876158072954,5.538763492459745,57.60848737530699
225,2,28.41783415776692,7.38892938322088,173.69403076171875,4.096787818899071,1.6871648414058402,57.624109271986676
226,2,28.472961949492326,7.368927337959925,177.6558837890625,4.184704753131742,6.333585608696469,57.68275358317831
227,2,28.648756803863783,7.453025894076329,179.14617919921875,4.2178391182344255,6.333585608696469,57.87762892272733
228,2,28.741791263075456,7.477719832058871,177.74066162109375,4.181838506745474,10.395638820789213,57.97388483773464
229,2,28.772621361669877,7.48538725218584,177.2083740234375,4.167974078051972,3.4310774110375095,58.00565407302202
230,2,28.77928083057973,7.486535731616381,177.01519775390625,4.162713188195408,0.7298397656287222,58.0124118486297
231,2,28.805102238565333,7.478526998993831,178.9259033203125,4.205160830723437,2.91976738348437,58.03944673181011
232,2,28.787438861545308,7.484077897225069,177.67181396484375,4.1771832239950175,1.9996262236984155,58.057961789436945
233,2,28.8081021795722,7.479221580067922,175.2037353515625,4.117627931637139,2.2924422228392034,58.07918810631509
234,2,28.81319931677705,7.476642852131858,174.28070068359375,4.095314555483676,0.6169309917386434,58.084900430312665
235,2,28.84323119817138,7.468422814050934,175.94000244140625,4.1320060267749765,3.3627442439825237,58.11603695109028
236,2,28.850261613165063,7.463322431699495,176.575927734375,4.145790993322563,0.9380509410329433,58.124722607951696
237,2,28.69696493546578,7.371523834812367,176.8216552734375,4.151354680258554,0.9380509410329433,58.30340347929523
238,2,28.79309692061256,7.426936341754359,176.9183349609375,4.153379257887801,11.983574342254828,58.41436250098277
239,2,28.985868422930952,7.539699420678245,176.956787109375,4.181978631673409,11.983574342254828,58.6376926692863
240,2,29.057069157831275,7.581977279351554,176.9739990234375,4.192884215622123,8.94313169898642,58.72049944427692
241,2,28.92502866457487,7.505524354724389,176.98040771484375,4.168967414631655,8.94313169898642,58.87307644629046
242,2,28.874489810773586,7.476283615485129,176.98681640625,4.160036859433095,6.305939172600536,58.93146477196269
243,2,28.85297778152649,7.464444709637611,176.989013671875,4.156551006250123,2.651893969288567,58.956019345752395
244,2,28.842716008858464,7.459558027842431,176.9864501953125,4.1551447331385285,1.2275169835781636,58.96738524374849
245,2,28.837824394703883,7.45724923318926,176.98699951171875,4.154598770782335,0.5841833887855028,58.97279434920021
246,2,28.836739523426274,7.4570844124528115,176.98736572265625,4.1545523921256295,0.11851057878592654,58.97389166937415
247,2,28.83817357392995,7.4580506157105235,176.9879150390625,4.154732848687181,0.18675100623025495,58.97562084535776
248,2,28.83900153849138,7.458453085708705,176.99212646484375,4.154915291757417,0.09942497916423981,58.976541447016686
249,2,28.8398581696363,7.459576142261944,176.98883056640625,4.155085138298007,0.15254681502651116,58.97795391752619
250,2,28.83979824018939,7.460350844098044,176.98406982421875,4.155189668516474,0.0839177703379137,58.97873093391821
251,2,28.838208977162108,7.4599806259226735,176.9827880859375,4.155148977526016,0.17623596285117818,58.98036274838905
252,2,28.836243176967507,7.458687330626954,176.98773193359375,4.15505924145947,0.2541325858554819,58.98271582788771
253,2,28.682548818914537,7.368795899179907,176.993408203125,4.1553404021143,0.2541325858554819,59.16076757639053
254,2,28.619691048693458,7.332178487034486,176.99853515625,4.155051131798,7.856533581582058,59.23351325770148
255,2,28.597239179708424,7.319382609276028,176.997802734375,4.154977938376404,2.7909609594367306,59.25935548880738
256,2,28.59000383539625,7.315286581838604,176.99725341796875,4.154991406105399,0.8979448130314026,59.26766979263174
257,2,28.741154013053904,7.403391104584237,176.9967041015625,4.154772360033797,0.8979448130314026,59.44262345259396
258,2,28.80265795181376,7.439006943528444,176.9970703125,4.155063821355455,7.675770896223117,59.51369540533677
259,2,28.82806580919113,7.453701053263986,176.99652099609375,4.155349982307163,3.1698985736346845,59.54304631805561
260,2,28.679411783984254,7.367583405062077,176.9981689453125,4.155356528828465,3.1698985736346845,59.71484349073908
261,2,28.782642956696264,7.427590742581562,176.99432373046875,4.155540101047876,12.895740701280658,59.834248497232416
262,2,28.821767195011343,7.450441154941651,176.99359130859375,4.155695659842683,4.893302740402513,59.879556855939846
263,2,28.83477788406678,7.457861225063208,176.996337890625,4.155625562502757,1.6176059240898535,59.89453468857031
264,2,28.84002245363572,7.461035709533711,176.994873046875,4.155638134662284,0.662092514607526,59.90066517481667
265,2,28.843170755831103,7.463069835524965,176.99176025390625,4.155757121544559,0.4048124003203873,59.9044134377826
266,2,28.844819082115016,7.463949625948523,176.99249267578125,4.155882034612655,0.20178986378655459,59.906281862447294
267,2,28.83610371928424,7.458887775506411,177.000732421875,4.155232496727432,1.088497914854963,59.916360546844096
268,2,28.685117796606384,7.371550918560748,176.99395751953125,4.155712915419401,1.088497914854963,60.09078667856762
269,2,28.78583289827631,7.429819972954728,176.9912109375,4.155894041658026,12.566492398929947,60.20714308966882
270,2,28.66716050299004,7.36146161367745,176.9893798828125,4.156046417950499,14.79087608393199,60.34409564600152
271,2,28.650043655103268,7.327607721413829,178.9698486328125,4.200320663790122,4.096991783578504,60.38203075510873
272,2,28.65337143796585,7.320706185379786,179.71087646484375,4.217804556560649,0.8274896175847133,60.38969269601229
273,2,28.642760077120368,7.311997032593934,179.983154296875,4.223154488271876,1.4825938577193003,60.4034204169171
274,2,28.610618090554347,7.315253518551061,178.107421875,4.180675539488092,3.4891054415119096,60.43572694878295
275,2,28.753818550496916,7.406645200201531,177.39166259765625,4.192177015111973,3.4891054415119096,60.60560576206661
276,2,28.80546617363257,7.439854096239288,177.1226806640625,4.19626624097725,6.6315058331248355,60.6670085938548
277,2,28.85659965665631,7.446948672869054,179.0006103515625,4.242738746507232,5.575317446880986,60.71863190354814
278,2,28.87376935056044,7.448574256742371,179.70574951171875,4.259919724977139,1.8626193368373223,60.73587837888923
279,2,28.874205837659677,7.445259112597769,179.9761962890625,4.265690188633525,0.3611256076222169,60.739222134515366
280,2,28.872381965709824,7.443037421495472,180.0706787109375,4.267435678649132,0.3104398004767476,60.74209657711237
281,2,28.8725532763522,7.442592802547672,180.0992431640625,4.267899286661131,0.05145985751345745,60.742573057274534
282,2,28.871243500225585,7.4417447326374,180.10345458984375,4.267733267370387,0.16851932106925083,60.744133421358505
283,2,28.71673046876169,7.352085418469365,180.09979248046875,4.267745955754134,0.16851932106925083,60.92277571620843
284,2,28.63373704928981,7.32697974710062,178.10650634765625,4.1945128303635375,9.364417382635049,61.00948328456616
285,2,28.59897501056365,7.315838543908335,177.35064697265625,4.166962750780976,3.9424079303568313,61.045987061699094
286,2,28.612764380703613,7.30416337996617,179.05517578125,4.201079862170862,1.951354633599632,61.06405516015835
287,2,28.77473169591301,7.39011542721178,179.70556640625,4.242137060237156,1.951354633599632,61.24741591283419
288,2,28.83544235515089,7.422723956264915,179.94708251953125,4.257773750582967,7.4426813743712605,61.31632962926356
289,2,28.701330508424174,7.344157660691733,180.02838134765625,4.235036447389857,7.4426813743712605,61.471760161117956
290,2,28.650304291662163,7.314108583830731,180.05877685546875,4.226437080671185,6.3954074832111045,61.530976897073614
291,2,28.632006738919326,7.303325542183855,180.0648193359375,4.223179402886555,2.2937593762454958,61.552215409816625
292,2,28.62842608694273,7.300755352485103,180.06536865234375,4.222177396275348,0.4760208723462807,61.5566230104865
293,2,28.62495796972008,7.298629039166355,180.06390380859375,4.2216010439407405,0.4393495937636872,61.560691062280604
294,2,28.747957750384384,7.394419554104988,178.0762939453125,4.176913911695944,0.4393495937636872,61.71659093013069
295,2,28.79943258552085,7.433247030577497,177.32208251953125,4.1603870215338645,6.9634724934615795,61.78106752729237
296,2,28.81513573514732,7.446046597303954,177.04559326171875,4.154092967331096,2.1879473057058707,61.8013262986415
297,2,28.822555950911347,7.451440980437137,176.9505615234375,4.152114967628406,0.9907725481090927,61.8105001185314
298,2,28.824858731524365,7.452723610556797,176.9256591796875,4.151569007342901,0.2846765806054839,61.813136012796264
299,2,28.820915931744043,7.450970535559562,176.921630859375,4.151236757843298,0.46601645905875194,61.817450980009774
300,2,28.81938314670809,7.450505283253338,176.92401123046875,4.15133426265798,0.17299866232967503,61.819052819475786
301,2,28.819660179209915,7.450710454463473,176.9300537109375,4.151621779676378,0.037231381928293936,61.81939755449364
302,2,28.819604192650168,7.451020920745175,176.93499755859375,4.151913327279083,0.03407118554174827,61.819713028433846
303,2,28.82071781330676,7.451176310823816,176.94415283203125,4.152235777940731,0.12143624135078727,61.82083743807598
304,2,28.82315923088688,7.45262323883657,176.949462890625,4.15269777369854,0.30650164961353943,61.823675416313144
305,2,28.824163059567656,7.452956603763375,176.9571533203125,4.153002351153786,0.11423542413729473,61.82473315172182
306,2,28.823978343340777,7.452923901094373,176.96136474609375,4.153173674776234,0.020259587851553726,61.82492074049823
307,2,28.8228805197943,7.45252264763648,176.96539306640625,4.153273266941806,0.12623628759386765,61.82608959501299
308,2,28.82222435077268,7.452404753928829,176.9674072265625,4.153366973267728,0.07200099360346421,61.826756270879685
309,2,28.822267023106217,7.45248236430846,176.97088623046875,4.153515083809431,0.009565349153209833,61.8268448389274
310,2,28.82325572809955,7.452846526457841,176.97418212890625,4.153693334921776,0.11379283224031696,61.82789847626296
311,2,28.82431790036821,7.453350194127637,176.97711181640625,4.1538694619368615,0.1269581710885425,61.82907401488415
312,2,28.82656679448489,7.454676314143911,176.97637939453125,4.154116539215779,0.2819631404064,61.83168478470273
313,2,28.826039643830708,7.454400382057507,176.9776611328125,4.154135734555516,0.06426012057073549,61.832279785819125
314,2,28.82992169519097,7.456395204751595,176.9794921875,4.154532763253622,0.47137565166101103,61.83664437518636
315,2,28.83351987593319,7.458031209504403,176.9842529296875,4.154926234891003,0.4268858472872514,61.8405970219205
316,2,28.827558131596653,7.454558096005453,176.990478515625,4.154503308564523,0.7451601869343292,61.847496653281006
317,2,28.671256296694963,7.364247193503926,176.98809814453125,4.154573605647478,0.7451601869343292,62.02801347439271
318,2,28.616154826477768,7.331784641124569,176.98883056640625,4.154874145840848,6.906926632812113,62.091966498770596
319,2,28.595218134518195,7.319786162165213,176.9849853515625,4.154854092467189,2.6061556231126533,62.11609756935497
320,2,28.589659649761785,7.3168748214787644,176.98114013671875,4.154996444274919,0.6776744614327345,62.122372332886755
321,2,28.58887843036082,7.316743093357242,176.97601318359375,4.155066652496096,0.08556272653678768,62.12316458035469
322,2,28.58800834505323,7.316167020990558,176.97894287109375,4.155046673873497,0.11269880542456924,62.12420808781233
323,2,28.594297836718816,7.319870280128945,176.9747314453125,4.155518514880006,0.7882656073821225,62.131506843436235
324,2,28.601772777869503,7.324590683252871,176.9677734375,4.156122583605944,0.9547893353063159,62.140347485429814
325,2,28.59930244017913,7.322694999637357,176.9754638671875,4.155884280370174,0.3362979304791337,62.143461355156475
326,2,28.60129602549526,7.323475289959458,176.9776611328125,4.155977660247207,0.2312117161805735,62.14560220438037
327,2,28.59297794506256,7.318177322814981,176.98919677734375,4.155247394042514,1.065095309798463,62.15546419798961
328,2,28.596512117114514,7.320076539779891,176.9886474609375,4.1554988624409885,0.43331286690025067,62.15947635416461
329,2,28.60038933790297,7.321568768021786,176.99267578125,4.155754876371597,0.4486823075045885,62.16363081997484
330,2,28.59746692767387,7.319445304476373,176.99945068359375,4.155477961726218,0.3901413707546083,62.16724324007442
331,2,28.74913266991289,7.407217251609352,177.00457763671875,4.155101432838196,0.3901413707546083,62.342475691613586
332,2,28.805426159901565,7.439769295145859,177.01025390625,4.154934969378835,7.022983948729654,62.40750332076849
333,2,28.8312436989703,7.454538249152394,177.01080322265625,4.155263454653485,3.2122826293173836,62.43724667844736
334,2,28.834044350976484,7.456022380410424,177.016845703125,4.15487818201331,0.34231566007605546,62.44041626789251
335,2,28.838497305699647,7.457244784507304,177.02691650390625,4.155032099030091,0.4987107141991382,62.44503395969065
336,2,28.530734425036627,7.277383573130344,177.0322265625,4.127828787976124,0.4987107141991382,62.80150001147116
337,2,28.41989796035431,7.213468005022828,177.02398681640625,4.1180229742799,13.818059461785815,62.9294450064877
338,2,28.35461960727965,7.19817512125275,179.00921630859375,4.163040076091687,7.240943481565704,62.996490779465155
339,2,28.33026540051895,7.192213533066706,179.759033203125,4.180018836613587,2.7079111186258986,63.021564030563546
340,2,28.316456616752543,7.187537759624784,180.03533935546875,4.185891761975531,1.5745250564994835,63.036142966271875
341,2,28.3373543676354,7.178349464794726,182.10003662109372,4.231547800600746,2.4654788080329464,63.05897147375366
342,2,28.49688934973736,7.26480947576086,182.853515625,4.248482788680819,2.4654788080329464,63.2404287525014
