frame,id,world_x,world_y,speed_kmh
1,1,-9.7563995160787,9.580417040382182,0
2,1,-10.231382684920268,9.687270977901779,42.02215965412948
3,1,-10.6577046012884,9.730505370528514,39.50415669786835
4,1,-11.176988731272228,9.521715131785227,42.43898290243278
5,1,-11.734051228412886,9.547219478809224,43.86235835521977
6,1,-12.173169617693432,9.571527600718886,42.68187769033143
7,1,-12.77473391780636,9.731288471377427,44.52208491245756
8,1,-13.250694429555168,9.67121154542674,44.07719764259043
9,1,-13.783175290460973,9.73174818899813,44.34960420262766
10,1,-14.26591984522359,9.648570804055465,44.1198085034086
10,2,-17.0310042790653,2.1588282988898366,0
11,1,-14.841567127001955,9.708303369563689,45.001014945033184
11,2,-16.560932493972246,1.9083679761076728,45.97351312380112
12,1,-15.585148328223244,9.933964750809071,48.343851254418354
12,2,-16.133445509990075,1.6960831157759524,43.58527789135151
13,1,-16.150018088566203,10.088118350386482,48.59166321973642
13,2,-15.749311358061957,1.502229526975436,41.43644872059367
14,1,-16.768645809907554,10.192478380657418,49.26033053788051
14,2,-15.538290326379487,1.4288635970723478,35.89819137911232
15,1,-17.1881055693093,10.188316120520838,49.06554670137015
15,2,-15.28984188916067,1.3213910101272346,33.391528025666936
16,1,-17.590704102501647,9.949798124256542,47.584135114574124
16,2,-15.143080540505998,1.2891025018410431,29.988017258642046
17,1,-18.051435971758416,9.890083877186903,47.438825043358975
17,2,-15.031744395658682,1.2845417019768655,27.07799946181414
18,1,-18.723682092219878,10.01770808772119,48.86149033558551
18,2,-14.868779027584841,1.2336818988887241,25.535155546196922
19,1,-19.293809129903792,10.096048649425228,49.6826815774452
19,2,-14.686040141675537,1.176501126761407,24.53425137508761
20,1,-19.552030472836304,9.856493734303598,47.51036055048846
20,2,-14.619849679836843,1.1910733517942251,20.076078662502304
21,1,-19.8852006685284,9.666750982501306,43.73502884224232
21,2,-14.47596022599559,1.1699714867364523,16.893348854664296
22,1,-20.454310324976834,9.691937630938153,43.582927876110894
22,2,-14.40120368649801,1.1718237194463612,13.4839824539359
23,1,-20.82787048959039,9.624917072415517,41.2060034416312
23,2,-14.373615460722284,1.219794501439046,11.872095418979775
24,1,-21.35894698114381,9.646228006993269,42.28035459772877
24,2,-14.344718758933492,1.2723968318899164,9.85158459421313
25,1,-22.05546614481838,9.760886585401705,44.562337639238315
25,2,-14.295434073765485,1.3008115665353746,8.95601240566238
26,1,-22.420238963517495,9.606214847891454,43.90659132100398
26,2,-14.27667900858145,1.3362957642998603,8.272276223796716
27,1,-23.17433257653155,9.859594739463194,44.9737221340693
27,2,-14.24778495825564,1.3830630398669719,7.162241192991331
28,1,-24.129022700532417,10.21635177484698,49.228856773461615
28,2,-14.273872589995735,1.4771365019463492,6.262156832772876
29,1,-24.723576676274103,10.286214155775184,51.59208802149635
29,2,-14.007292430673173,1.357934320922583,8.412727555787288
30,1,-25.455743625567152,10.265550694927676,54.93958758297939
30,2,-13.781740590509527,1.24468895901974,9.43848287480284
31,1,-26.164735810599957,10.539481662191093,56.765643707152954
31,2,-14.267236387781656,1.6554765641576061,14.820490475769796
32,2,-14.066718462522612,1.5737927743395692,16.366263592340594
33,2,-14.136442006308984,1.7063442825638246,17.227039989849448
34,2,-14.100405546615795,1.7498265920573088,17.223060488900543
35,2,-14.085580177594624,1.7922888529946917,17.269479613872768
36,2,-14.115949154886493,1.9045304103880916,17.857413083492
37,2,-13.643649701912107,1.6382491242239245,22.121008400602346
38,2,-13.208216642434857,1.4162600139883257,24.007799611327563
39,2,-12.966088487235885,1.3657951633552865,23.959332858647027
40,2,-12.645503115855467,1.2871684575858382,21.025824735417316
41,2,-12.363004981763167,1.208555332921912,21.76155497655932
42,2,-12.130984618740943,1.1745143104477167,22.574183967475914
42,4,35.77417375883062,11.215387963883611,0
43,2,-11.910958303930368,1.1815899441103181,24.143806348750783
43,4,35.125166806393906,11.024745537472937,58.384976333507595
44,2,-11.694857530595439,1.1898328393911406,25.786470728683348
44,4,34.76472999340202,11.013107742753352,44.75590940019492
45,2,-11.545531762714408,1.207302995568791,26.11318536384352
45,4,34.49831272754432,11.07793190285061,37.72606534117968
46,2,-11.336443882974667,1.1523697820191745,22.986629463716923
46,4,33.95813518090722,10.917776300021352,40.45225376679676
47,2,-11.106197304986532,1.134882186006716,20.513790991872796
47,4,33.596341190486534,10.93815213448826,38.617254649467604
48,2,-10.848703020276702,1.1152470109173638,20.618428046354172
48,4,33.27041472100901,11.034548690019218,37.07046932056278
49,2,-10.634926248630897,1.1280859095666882,19.506663626867844
49,4,33.03862835102069,11.119065250827653,34.81680584502193
50,2,-10.433329942788658,1.1142348091616667,18.63239437398666
50,4,32.37316013098971,10.935639675369101,37.91233167324172
51,2,-10.269054504478191,1.1586859444966102,18.01552926696939
51,4,31.947544767379732,10.836680206393776,37.89055665751572
52,2,-10.04306769679364,1.1502020877594616,18.073128734652624
52,4,31.540837322619158,10.78899157747326,35.33055008237106
53,2,-9.880692760557178,1.1731023461727312,17.571779618976933
53,4,31.28469450665089,10.819995425599192,34.346456295399896
54,2,-9.668751298938519,1.1711982938353511,18.162604201995848
54,4,30.887505647296855,10.849496999038106,35.53655574534852
55,2,-9.488376679490473,1.1932872180337568,17.83210324212815
55,4,30.29562184701018,10.718866552955024,35.946143980234034
56,2,-9.235944717939221,1.1335681797555155,18.105334743936684
56,4,29.93894514690228,10.728822367163588,35.89290101485256
57,2,-9.032473870457395,1.1459683259816802,17.583678908142243
57,4,29.793226661534657,10.944509512658472,35.12964541399097
58,2,-8.774572653487262,1.0833192354958796,18.07508689743312
58,4,29.2397017642028,10.806675924174863,38.23419028678469
59,2,-8.576092863986906,1.0825346735853778,18.04065502488337
59,4,28.61177492424422,10.618060153803308,37.90196476557463
60,2,-8.360913190183828,1.060435635284368,18.48304415088235
60,4,28.24195343425163,10.60771513063239,37.259385420936106
61,2,-8.155193036776254,1.071483617518536,18.28999496416192
61,4,27.632704729916846,10.492522240163373,39.278639231310294
62,2,-7.969926964129027,1.0719257412070973,18.49412459376633
62,4,27.267478651146025,10.508028384692462,40.31001807698712
63,2,-7.704861933932053,1.0022082252602131,19.08997933125022
63,4,26.953690746681342,10.579867277998783,39.57753456753905
64,2,-7.479452355355491,0.995020162214795,19.5100589591972
64,4,26.72321215664987,10.652073906101544,36.08084273202045
65,2,-7.298362996897614,1.029601665623044,18.79041279113497
65,4,26.528170598195054,10.727424396832975,34.66409990251105
66,2,-7.092045594484741,1.0209826151332277,18.815817865422982
66,4,26.02015446771483,10.629438935959048,37.12962089826351
67,2,-6.854308816003612,0.9922453479605312,18.56709881718908
67,4,25.60322436155799,10.585180363295596,35.67998057037252
68,2,-6.63604030122065,1.0012391227913262,18.758642224946414
68,4,25.09464015505741,10.427303595959497,34.49922730066766
69,2,-6.422980539882952,1.0240291131176689,18.739113043257092
69,4,24.46977267411172,10.263677105354905,37.145888805607015
70,2,-6.225010468128464,1.013566991695421,18.664592922493252
70,4,24.278571684171663,10.446925972095435,33.73930513579541
71,2,-6.027818571746957,1.0440528865444154,18.801428336405607
71,4,23.79643570265241,10.318167770054117,35.019411397065916
72,2,-5.798957892789373,1.0715893458929708,18.383584087983703
72,4,23.434617566792607,10.33321881728749,35.40518308336756
73,2,-5.573262619061734,1.0590790398909913,18.388547817871743
73,4,22.868293604870754,10.152870235129367,38.78889419659266
74,2,-5.329131126701273,1.0286750553567816,18.97985176341545
74,4,22.274670781821104,9.974212475422114,42.72896100599186
75,2,-5.099165763949907,0.9943459346828638,19.22935782412824
75,4,21.781346824952305,9.923396586039466,42.523292352498714
76,2,-4.862750914605589,0.9709793906009373,19.211130715007673
76,4,21.415846773604745,9.969106360331448,42.03489680781763
77,2,-4.637265626049904,0.9812365138384405,19.280802458799823
77,4,21.230391678317122,10.009255276462476,38.74755508127284
78,2,-4.416096562010402,0.9625878993202257,19.354444516808055
78,4,20.94318756154789,10.096298879911421,35.43089303553954
79,2,-4.175972465266462,0.9299786089782361,19.777207580174846
79,4,20.651450417518372,10.193737305079145,35.84081794921512
79,6,77.01212556552059,37.33299355641429,0
80,2,-3.9533375565280044,0.9520540632238486,20.009220104313286
80,4,20.392347008923757,10.286294231528212,33.69358239344221
80,6,78.48112589776768,38.11134751219256,143.49366372522215
81,2,-3.756844524791291,0.9985096251405192,19.73492135371957
81,4,19.863490484674408,10.146667290809562,35.46634012054937
81,6,77.0529588049745,36.98209755706884,150.321526912453
82,2,-3.487881400520454,0.9417305884293221,20.203405138517823
82,4,19.420313176944987,10.097288895198655,34.04286054891916
82,6,76.4852358783708,36.54910760226366,120.75688012092019
83,2,-3.247087166654815,0.9397714643512695,20.153388747280047
83,4,19.101663581868536,10.132108558832602,31.17169957806809
83,6,76.3739256502192,36.19172197997357,98.64486567239538
84,2,-3.040191556811371,0.9767807305651943,19.939197242307916
84,4,18.737092634659536,10.148913002579912,29.91558399077697
84,6,78.30113574578668,36.77365642145383,113.66843004300912
85,2,-2.80933277915604,0.9797731141304319,19.87505070839039
85,4,18.41378218580741,10.21962969682548,29.556966973423762
85,6,78.63102452186835,36.21526225730977,104.05363212918532
86,2,-2.545244416731272,0.9517386842703108,20.257264365000122
86,4,18.17179979939412,10.289553008578874,30.152830405989505
86,6,78.24273848303099,35.450418743268926,99.76545596223075
87,2,-2.2817929239370254,0.9570193742188046,20.655750959593817
87,4,17.865248365882024,10.306123639181578,30.21894987009821
87,6,78.06140660873655,35.17277368049634,90.872630315343
88,2,-2.0616812738586843,0.9969788210990562,20.477189222155257
88,4,17.39433270531438,10.192695342732339,31.914579573200953
88,6,77.58599321384192,34.304113230722244,90.27254451635075
89,2,-1.8010930339679632,0.9826190835243259,20.83449820326545
89,4,17.04807114808975,10.285549990248928,32.714004813725964
89,6,76.32192098289693,33.31780031765555,89.705469319161
90,2,-1.5560626274461724,0.996644224906177,21.251887304198604
90,4,16.455786159687296,10.168015647964461,33.25927999221321
90,6,76.06010195712443,32.67850575873794,78.86977311902491
91,2,-1.2890539057822548,0.9872712936489392,21.17787097948069
91,4,16.14582365198084,10.154602048465481,31.958177301276294
91,6,76.40162313114723,32.976698699753086,76.37038791998374
92,2,-1.0337356717972843,0.9573441105491461,21.333849473633194
92,4,15.871047749333647,10.201212955968037,31.55686525940077
92,6,77.15716076087543,33.206279606274826,80.35356979592964
93,2,-0.7892140841232488,0.9657028520982088,21.6645726230064
93,4,15.593929572473732,10.200802175490322,30.71444799329157
93,6,77.02697137147923,32.75113924904287,65.58664831799254
94,2,-0.5057030578461761,0.9973161467458953,22.186194552827164
94,4,15.15785102850338,10.08741142179429,31.861707087207556
94,6,78.20398157419082,32.86903668651315,70.71118521244276
95,2,-0.24526473941312413,0.998318304434749,22.136977035161827
95,4,14.661008459202526,9.868872547727332,34.65154876755358
95,6,77.11703910671723,31.979575309142312,75.95453018363567
96,2,0.02657237728350111,1.0304396340293673,22.235028589419116
96,4,14.249892831574464,9.85785498058136,35.651485752757
96,6,76.69975589705096,31.646074312461902,77.89721770149306
97,2,0.2636197889544124,1.0036694467996277,22.377396536957157
97,4,13.96598841449574,9.829371059991916,33.742476905662926
98,2,0.5493349127344749,1.0220584224444336,22.620251538960495
98,4,13.512239787018341,9.72152670979099,34.777214467658126
99,2,0.7953080560895491,1.0681843891604674,22.666565370562115
99,4,13.041180366246973,9.578581946818169,33.707271586245284
100,2,1.041931221358717,1.0583118232521733,22.471376637961036
100,4,12.778258787798139,9.745744338968802,33.71983137510651
101,2,1.2932402258784998,1.0589062469008566,22.416169410711824
101,4,12.38091154511929,9.708869421344788,34.87406973203295
102,2,1.5992865971915615,1.1531802223172103,23.140944874854693
102,4,12.172904576466918,9.909680369633056,34.98919511108753
103,2,1.8716999175077873,1.1604150177320802,23.018583246647715
103,4,11.794050883788348,9.88059450468206,34.31200650819297
104,2,2.1386798185565206,1.1835671076782268,23.09091057928383
104,4,11.324449221673186,9.70893548421626,33.90164266973815
105,2,2.398404683564437,1.2828704674827565,23.13246686493997
105,4,10.922476945928064,9.648661682094506,33.855635632945784
106,2,2.6940611567945822,1.3719266506415841,23.80594008633495
106,4,10.572725428823977,9.684079108390451,34.49062128692229
107,2,2.9219384746874564,1.3824302709693663,23.247902751382668
107,4,10.20827324745596,9.766915844745906,33.602157862993785
108,2,3.2008439641329414,1.4035140011932303,23.530250291796076
108,4,9.942601398128568,9.838335260600665,31.519443718228178
109,2,3.436536596895468,1.439834897463318,23.450209672135898
109,4,9.712476205041416,9.904866488298055,30.828813080183878
110,2,3.6852503183660867,1.4962422314117263,23.485888832263267
110,4,9.279993286625283,9.776967508083235,31.326975906190633
111,2,3.9629391600347508,1.556876062276403,23.140578076478178
111,4,8.994540163484118,9.954685166054187,31.778988635877347
112,2,4.232365214811522,1.681599786206647,23.374442419295438
112,4,8.683371718070156,10.084831178665297,31.369672969447166
113,2,4.451960046704074,1.7041330229734668,22.921449260271554
113,4,8.393574425210154,10.183067148397733,29.50915453884231
114,2,4.726555260452187,1.7534428894786038,22.930330053784523
114,4,8.014508971782321,10.233079076844923,29.277875455156693
115,2,5.181674609135241,2.224235506774844,26.248943451149167
115,4,7.60503167208859,10.264765169771078,29.845255839754266
115,7,100.70785511838696,48.18085766830262,0
116,2,5.393067189879864,2.1766177215132383,26.139325956126243
116,4,7.353222124666097,10.30612488792021,28.708177979088234
116,7,101.42853800495004,49.241324851875056,110.6693093091156
117,2,5.545887403117823,2.082650012608638,25.177384759899024
117,4,6.754786288726775,10.014872945908332,32.45268774356185
117,7,99.27287538627813,48.415701383444905,154.9562743741304
118,2,5.781668347867584,2.090140107669578,25.15269037646405
118,4,6.276406246786429,9.802924155364664,35.17330012747632
118,7,98.57726554609766,48.696116225130446,124.88271062543004
119,2,6.056256207137836,2.1429993952889226,25.3886085878742
119,4,5.932052716811602,9.77261666634214,34.163297697392075
119,7,99.35870374791295,49.54310845844511,118.52915342086479
120,2,6.291234863982107,2.199658732896321,24.98084010658985
120,4,5.489828982223376,9.446472922920266,36.20824692887614
120,7,101.65016580679978,51.29433582635505,144.60947498587456
121,2,6.592792383349874,2.3587068654602796,25.403157317531768
121,4,4.962615794358666,9.205656166704314,38.532195031646204
121,7,100.47113582651681,51.0783438125777,137.75122703823556
122,2,6.796794871261827,2.3719048082040546,25.24665198946172
122,4,4.579724666418269,9.220847128823229,39.27255184805665
122,7,103.11531255424268,53.11046550760786,159.1928716117168
123,2,7.0462765124652105,2.4318248925488484,25.03172195157286
123,4,4.293058793824226,9.213999972536087,38.35568239009924
124,2,7.270810341161226,2.5193671232526333,21.06305316073636
124,4,3.906917751204957,9.076050046260754,38.34936569820504
125,2,7.535021698914618,2.6093838348544818,21.661834579672913
125,4,3.5525999912871944,9.03049706961389,39.32807098434378
126,2,7.818004532649976,2.701599761479238,22.795710769644273
126,4,3.227292137155075,9.121630461798725,36.185147992634455
127,2,8.029117325459628,2.7107542620573772,22.559895054955643
127,4,2.7856248671477966,9.187764448071164,35.45014919979931
128,2,8.31836853649098,2.8447213129550293,22.93525629537502
128,4,2.41395011814272,9.269664114225185,35.78491719262845
129,2,8.5815367420079,2.9384490160159524,23.296311423746744
129,4,2.046943308266818,9.152390320496819,34.21022355368975
130,2,8.786706261247133,2.9463996590108135,21.99578992171399
130,4,1.63709401678269,9.232494104628175,32.65652989222486
131,2,9.053082009576356,3.039640713960126,22.74186850489083
131,4,1.3113389454586228,9.308717928881608,32.190068987876295
131,8,80.92870613993395,44.45981924098181,0
132,2,9.236480293702533,3.0530774984146105,22.044773680247758
132,4,0.9707164059287329,9.19107034397763,32.89611276583277
132,8,80.41779644595518,44.271064680323285,47.011809207862015
133,2,9.477504113165107,3.1542042880563965,22.240257131517406
133,4,0.5280049729550823,9.227658771446244,33.223893984963695
133,8,76.255777356019,41.93110252229021,229.56718061675497
134,2,9.755835858441294,3.2331556650981224,22.33796403067707
134,4,0.11496908812854793,9.255532877821954,33.76806673497593
134,8,69.27052548062495,38.26962206683971,379.9551033337707
135,2,10.04560740405627,3.333329294239583,22.423979321880903
135,4,-0.2821069406495316,9.127893986037858,34.5281483313643
135,8,68.33845052769956,38.08261932215429,305.47983492848255
136,2,10.216118744811135,3.3531153635766637,22.043664942384716
136,4,-0.7108933599169436,9.152023526871478,34.36389949033263
136,8,70.31606604150865,39.594036415018415,287.3515969010216
137,2,10.534637101405158,3.4777580880591747,22.266824435409653
137,4,-1.1078785317234854,9.075725042965324,34.59080429829378
137,8,70.08064534038665,39.623185676572234,242.87219701713522
138,2,10.85530179490708,3.5693293979035556,22.78588313935915
138,4,-1.4272690485458328,9.092605396727253,33.963091821794656
138,8,70.02545102958797,39.72805990354531,209.6374801471699
138,9,-22.579789220691058,5.861303347075445,0
139,2,11.128995566175915,3.658401271027876,23.577087020415235
139,4,-1.8073862253997706,9.311566097012783,34.165140142579936
139,8,72.87556725171297,41.84673562806702,221.74884997178168
139,9,-22.22428080814555,5.732766957366735,32.629294576973784
140,2,11.340391119672244,3.693671857524528,22.925845876569866
140,4,-2.184419026844722,9.309049693244244,34.57260893709678
140,8,72.3059293441296,41.65369068543336,202.87833314025386
140,9,-21.771269166949047,5.583975380075248,36.89274610613303
141,2,11.576959558019796,3.7630167193401287,23.52651848270737
141,4,-2.6066596994202906,9.330714887041188,35.17132593709605
141,8,73.88965608048132,43.01185842758347,217.66364334613075
141,9,-21.615026704259318,5.623100267730493,29.229249348052335
142,2,11.776111791045489,3.7915289257532048,22.949210855231556
142,4,-3.05504098125134,9.412700661127365,35.282520325220176
142,8,72.69876678627934,42.23384397428891,185.51466548132237
142,9,-21.87300925510177,5.923336004655175,30.463735344226656
143,2,12.03338800678554,3.851813376932235,22.708797858161084
143,4,-3.4192799359777637,9.200463100130913,35.35528237177972
143,9,-21.766113230174085,5.963753406405832,26.343804713331917
144,2,12.318445674900484,3.9281875543578124,22.598639561611378
144,4,-3.761194416327613,8.993869536418405,35.186455562491865
144,9,-21.73980344288613,6.07397632258356,23.583340403581854
145,2,12.562849295557006,3.9533001094603537,23.308664663497144
145,4,-4.171222864988942,8.982783389898943,35.001489900292995
145,9,-21.8234317434753,6.250270918538734,22.620276667969247
146,2,12.847132130589431,4.016624440778509,22.82159260668613
146,4,-4.498996187789901,8.888463552639806,34.39560033417641
146,9,-21.842708813127842,6.412750537671156,21.5580637742392
147,2,13.152461115328167,4.129616882940836,22.745659841179634
147,4,-4.856556306955474,9.000939691086144,34.92304574996897
147,9,-21.728584160302276,6.479313819044928,20.42978694360138
148,2,13.383384681045463,4.17389663165337,22.240317950181765
148,4,-5.276115619133784,8.977831167276948,34.745848752696844
148,9,-21.413414074088397,6.380315757353926,19.972525918479125
149,2,13.642320931171907,4.2185127805348275,22.704821759485963
149,4,-5.757824660412625,9.048014042564358,35.79843132388191
149,9,-21.155946431785548,6.315070708654078,17.946884604996885
150,2,13.829444691213256,4.241603016776937,22.148774687543707
150,4,-6.10612751105932,8.981880569035422,35.1436904952818
150,9,-20.766034851201848,6.163597980754039,20.41385942586787
151,2,14.133375077080185,4.336465072154684,23.272843288864788
151,4,-6.393856009032952,8.953089261195846,33.54545122899319
151,9,-20.39161199299353,5.993642593175097,20.560986231656265
152,2,14.221819773969537,4.265294430243954,21.827371058237105
152,4,-6.7529977732654825,9.00156698949917,32.97804882821681
152,9,-19.731184574145402,5.629698770315945,26.696804012422497
153,2,14.433875487341679,4.300364227942036,21.058454402286877
153,4,-7.218341655443234,9.098441746550423,33.70536527589311
153,9,-19.76899946729002,5.812258408827943,27.398011599487663
154,2,14.746289900067667,4.3648508677454885,21.761527930004817
154,4,-7.588705455830425,9.051447597585305,33.35200724646165
154,9,-19.735240945107915,5.901933239493829,26.445630084902653
155,2,14.936001586751814,4.405160811766894,20.82834944898079
155,4,-7.898190715465836,8.905379318809572,33.36303190304396
155,9,-19.597903228758256,5.914595892198672,26.19916678994991
156,2,15.113214884163037,4.353745076245307,19.475675591685597
156,4,-8.340820607418136,8.924572211326913,34.01721629179058
156,9,-19.31870229966705,5.854191471633645,27.671703251319215
157,2,15.342298080817043,4.403838309334971,19.46959112617633
157,4,-8.692602854508749,8.851366605135086,33.433383985195285
157,9,-19.316204749534634,5.968524208523932,25.600246462804435
158,2,15.65455841606677,4.518161348940785,20.138792354006746
158,4,-9.05256349686123,8.835810702658115,32.220213987712306
158,9,-19.276341109644978,6.0772702887525725,24.16376082796885
159,2,16.005911486855183,4.660817837299571,21.967362357329918
159,4,-9.36537739816879,8.750407823234077,31.92997725361733
159,9,-19.259652392137124,6.217531844719635,21.50674492184783
160,2,16.202891990409455,4.693243265230689,20.82841502096533
160,4,-9.697658245494111,8.767902132892077,32.3478856819767
160,9,-19.220184738612076,6.263489294002137,18.144238157504066
161,2,16.341539181234097,4.684966696478074,21.071722674576698
161,4,-10.226232631285797,8.865786832089977,34.02776700103149
161,9,-18.330206138887608,6.221929331216568,19.456971792771892
162,2,16.654026710794398,4.7726128405518145,22.122929656237172
162,4,-10.565321352191464,8.814265833245841,32.75857080371576
162,9,-17.833655980529578,6.174510338108678,22.452768894061563
163,2,16.812702965581835,4.79074789885165,20.595261419420453
163,4,-10.910985494616531,8.686390211684692,32.71278456304596
163,9,-17.428450277855692,6.139752053029509,25.43418838940541
164,2,17.07661487888969,4.866382119976609,21.36814382651144
164,4,-11.321742648491975,8.740830996492143,33.404497306331024
164,9,-17.23814334783192,6.273175228110049,26.340467773660645
165,2,17.305928887460034,4.899735698789185,21.820864737941623
165,4,-11.64332681087993,8.683838533391544,32.28768959118178
165,9,-16.904678831208756,6.27447828084053,26.798953438153475
166,2,17.45910916425009,4.892284238715946,21.042749357968294
166,4,-11.882913411118617,8.426908911745645,32.210827853378134
166,9,-16.49268631431992,6.299293331470866,29.660531750637134
167,2,17.63154210564291,4.855802589292119,19.543958204309263
167,4,-12.27456437283755,8.50578799784002,32.586950047611886
167,9,-16.011596070446746,6.272297351480668,33.170858679678645
168,2,17.939376598014768,4.989031952141509,19.124078353796016
168,4,-12.589251196728803,8.652290209272136,32.806140449211426
168,9,-15.672683412574852,6.230601298836528,35.09102202887303
169,2,18.148662356441644,5.012848285445703,19.229621275554738
169,4,-12.793832861536334,8.80894943196706,32.08621436113329
169,9,-15.422743211958009,6.296142290396262,36.98811929321745
170,2,18.358191072081897,5.025666915951012,19.910794063913542
170,9,-15.137175030071692,6.364422261985532,31.259472543128872
171,2,18.671692247913274,5.140427088271128,19.999978128907244
171,9,-14.737440764991176,6.3328523529859675,30.3212406305654
172,2,18.85845058007399,5.163834430839439,20.27340336761168
172,9,-14.363074810814103,6.30359270203056,30.022153228878956
173,2,19.12553346806684,5.250676142239336,20.333923251627326
173,9,-14.093417122724153,6.348336228492297,30.414648654016844
174,2,19.30078450560816,5.216594919495098,19.82378294125327
174,9,-13.605160617084232,6.261649971030229,31.97237078525155
175,2,19.495139187458875,5.254030429705174,20.251186735511453
175,9,-13.166807569025243,6.204813231007643,32.253209058389764
176,2,19.619838426952978,5.210263938115328,19.82831527498565
176,9,-12.81684195294084,6.146981045640454,31.033930124593105
177,2,19.801000040899595,5.198278277111572,18.352632975004887
177,9,-12.580500501803504,6.214647916791516,30.11679529208891
178,2,20.053664974854446,5.234089295305691,18.779920192683278
178,9,-12.27312082377714,6.196696148669838,30.591643338962715
179,2,20.189811444369795,5.232010311109628,18.07254961892703
179,9,-12.053741631994225,6.252765334142164,29.947295269535314
180,2,20.307108646723012,5.210658178439245,16.014248015090793
180,9,-12.108844194664359,6.327183136570916,26.989790817713494
181,2,20.420696590277238,5.184002686431448,15.328093874512108
181,9,-12.337953429336878,6.510639225108482,26.203384379442156
182,2,20.697594866356457,5.2954212167991805,15.497149148698103
182,9,-11.307661927404663,6.244419051151099,33.78734555779792
183,2,20.840284449671053,5.320857530447129,15.174957860644518
183,9,-10.713776167031288,6.187627075702425,34.75312836932605
183,4,-18.604721874034087,8.769806573813089,30.91149931590523
184,2,21.088132390909063,5.37347488496289,15.706693155081224
184,9,-10.247652576243786,6.11748936381083,35.0345921693379
184,4,-19.227077302176134,9.007208186254665,34.010323842603896
185,2,21.297550217771157,5.35773690676665,16.453321973509205
185,9,-9.928573415093544,6.147712993569612,34.70655729868727
185,4,-19.394890915453324,8.866289268333393,32.57727160578905
186,2,21.59328903613705,5.433652212846913,17.64032065764833
186,9,-9.530505232885313,6.10232084611949,36.19125205737153
186,4,-19.894619681473767,8.941969071110739,33.45074354620118
187,2,21.667073159091306,5.369589778242362,16.130063421158955
187,9,-9.17015983611875,6.041746448905053,36.74267939883366
187,4,-20.384443185048536,8.998626543158629,35.047489582048904
188,2,21.73859807265859,5.332367682982183,15.597491508290126
188,9,-8.883780581223434,6.07543302372743,37.3365438706837
188,4,-20.765304012870583,8.956840382579431,35.352868915217606
189,2,21.81053594671019,5.305942392756695,15.189065044934669
189,9,-8.530930168234796,6.038438654153535,39.85102374904899
189,4,-20.96769092582848,8.818251467650082,33.8737894267999
190,2,22.084360116927705,5.371605194339972,16.77065250094994
190,9,-8.21141272843342,6.074768656511179,40.120205661023434
190,4,-21.389868099720363,8.837217721725715,34.5977242863732
191,2,22.260155526562176,5.378675193077033,15.595477218143044
191,9,-8.016390607042199,6.194197483220641,32.10794185708287
191,4,-21.978416006899376,8.933041058716096,37.84526493484017
192,2,22.368479364807722,5.366929613460443,15.250411716963274
192,9,-7.796451646188244,6.2694373073931065,28.61566615088847
192,4,-22.253714192288527,8.8472718684173,36.62993563374941
193,2,22.637857007976027,5.447099757031231,15.515900566685401
193,9,-7.400684323221124,6.232564220081558,27.90703505189905
193,4,-22.554409099681827,8.789640507454207,33.17806416941659
194,2,22.622755613534924,5.358979680320071,14.359262075714659
194,9,-6.9751329641112445,6.099399645798619,29.109601159088566
194,4,-22.87814867018893,8.778763067967013,34.1830299639424
195,2,22.710587824466305,5.30023912708764,12.444415170166115
195,9,-6.69960176675564,6.1460553753309295,27.947296358903458
195,4,-23.352898819130456,8.847036889833262,33.93566868552171
196,2,22.973088926492483,5.361744962947874,14.092969297381348
196,9,-6.385100531116624,6.1201416004319436,27.469365928934646
196,4,-23.770363764862548,8.856923046906248,33.21152190071765
197,2,23.114885920413027,5.37070816461921,14.682293978102555
197,9,-6.071965992755055,6.099536388836108,27.713518936319154
197,4,-24.450875078385696,9.033631934204708,36.279818860168284
198,2,23.239868032957997,5.356431784518536,15.153730110106421
198,9,-5.680531889075513,6.035811576364998,28.11442578137104
198,4,-24.6951629310515,8.902161497678144,36.58794120620652
199,2,23.328379393604475,5.336477728116533,13.32335863159195
199,9,-5.427199716313576,6.081010691747304,27.498304722012442
199,4,-25.1428552570765,8.92418747278722,36.83375144226435
200,2,23.271222781429806,5.253708426096846,12.600711090927938
200,9,-5.091062541888021,6.047978194771706,28.54434264977901
200,4,-25.54787004685952,8.981678612514159,35.03820894710406
201,2,23.319259858877018,5.20487552852666,12.21269234706414
201,9,-4.80018814700106,6.031575678606448,29.109064060701655
201,4,-26.000531448642032,9.09676623610584,36.75214094020193
202,2,23.51786950581539,5.280140899422592,11.554198878792214
202,9,-4.46204768460297,6.102668688314212,28.610860272574655
202,4,-26.543153691252833,9.345846970768282,39.54191076113264
203,2,23.666057807920254,5.2915583663267505,12.122169731559133
203,9,-4.14817431545674,6.058494988364187,27.37433639058887
203,4,-26.907415982973895,9.474515089207253,40.14032272904728
204,2,23.821626772863045,5.31721399796873,12.620928039423825
204,9,-3.856078127920295,6.0040300100242705,27.54386843818979
204,4,-26.747913094531686,9.267390028997871,38.04758699453472
205,2,23.868204896063002,5.279391481807561,10.610683077964886
205,9,-3.5497115278156026,5.973035497884249,27.470630366303055
205,4,-26.174594042759846,8.808765498605378,41.083962940758546
206,2,23.959808718541606,5.291623315569293,10.13439332721143
206,9,-3.291870210722103,6.057921092357045,27.064409884585082
206,4,-26.121082028690665,8.761048613581842,35.028738509764054
207,2,24.03901738527202,5.283509623614935,9.691587775011442
207,9,-2.9050775898290944,5.931961945496163,27.162212111216927
208,2,24.10975013254836,5.265880995503576,9.520530545832152
208,9,-2.5895716767804435,5.847108429417735,27.827636885157297
209,2,24.18411542644791,5.247442958889365,9.290653208872987
209,9,-2.3159905788543003,5.877520369067935,27.22833122698343
210,2,24.405682499699875,5.338126167804053,10.929717956973448
210,9,-2.0249390115134434,5.946934709447869,27.303885252424514
211,2,24.50821725525474,5.365771856356895,9.911251056584586
211,9,-1.7559328358775461,6.038493924692496,26.71529973422743
212,2,24.571333521323904,5.370792810480625,9.093075659867937
212,9,-1.420832236782422,6.055670621748119,26.89343164646657
213,2,24.61449225243556,5.365354984222144,7.998135561906941
213,9,-1.1523527543047745,6.029573963343247,26.630790428287998
214,2,24.649218921866073,5.355675206114877,7.768445058881237
214,9,-0.8869673118195273,6.083589928408212,26.27495139615141
215,2,24.657292167621474,5.351325997235962,6.970075568099741
215,9,-0.6196924467976789,6.169951343213181,26.365352698633604
216,2,24.706873194695206,5.337065196233575,6.701237454357252
216,9,-0.3160707212868279,6.262320366425959,25.507740315040436
217,2,24.7236794050451,5.332196985756982,6.169935061690614
217,9,0.005497319693670723,6.249488002378123,25.460812754704946
217,12,-22.080070008341753,5.5268890756358395,0
218,2,24.752821605951468,5.324471707908673,5.724286027447047
218,9,0.2696931124634713,6.210600469789039,25.38194300110824
218,12,-21.505869944708664,5.240674909062271,55.37709220629267
219,2,24.986718900198582,5.413335100559192,5.827889603528806
219,9,0.5094486725407135,6.092342852072252,25.07619741640342
219,12,-21.328492934987885,5.207061972356122,35.479812621557784
220,2,25.074753983848275,5.4478490847462036,5.7162821757188205
220,9,0.7706381306479604,6.009641187427782,24.9784614953918
220,12,-21.268195616550997,5.294205651743052,26.70211542402751
221,2,25.100865853139403,5.458613105808307,5.379925537387394
221,9,1.0516041864720127,6.1818303487721336,24.920832716004362
221,12,-21.223274041412804,5.345140859697881,21.49206856308511
222,2,25.081578439349528,5.468671683628238,5.171360320195487
222,9,1.3909063890902527,6.159772804434904,25.594785236022897
222,12,-20.97412319335484,5.282541194049586,21.628359765781575
222,13,23.882468041264126,5.694819780109747,0
223,2,25.070670024176636,5.471962058703044,4.934892912531129
223,9,1.6936205348444098,6.146847760057799,25.90324299941527
223,12,-20.90983042797748,5.328028910459233,19.156603433922356
223,13,23.900402914167064,5.705345378675712,1.7949260344973528
224,2,25.11602179249097,5.460721255332172,5.295049708948116
224,9,1.9489175577436713,6.109776472287775,25.683560231371487
224,12,-20.765387162398785,5.326002050198981,18.201182671085004
224,13,23.930947599505068,5.699045926146801,2.243417580954441
225,2,25.129096932908958,5.455326862255535,4.93591806972945
225,9,2.1403628903464673,5.964934499627635,24.942243327921584
225,12,-20.508844221244406,5.247548763188446,18.820464579786716
225,13,24.134149524756573,5.819202081932913,8.287603966164218
226,2,25.179956694161188,5.438915985723413,5.2806431114021395
226,9,2.4300025812811716,6.002978425262128,24.657442154140572
226,12,-20.38213548681235,5.2761780891532215,17.975123064107983
226,13,24.22682887882228,5.8503977839678205,8.32582928162907
227,2,25.259109760643923,5.46862773640818,5.802333209178035
227,9,2.692485235506001,5.876143006567485,24.892199631690275
227,12,-20.161357595636645,5.2147821264511816,14.019809980585807
227,13,24.25544453373767,5.8596013257031965,7.179569042667488
228,2,25.31328108391918,5.4741437828785235,3.9249360269114533
228,9,2.9468884421053856,5.899433764769303,24.778389175553123
228,12,-19.986448134555634,5.175759676764735,14.00711063121604
229,2,25.3300714141347,5.474852615363678,3.17924674167665
229,9,3.2523258892836457,6.077453930238919,25.54139990083487
229,12,-19.688332999606686,5.058255654428349,16.06392974380238
230,2,25.332352127923304,5.473774133798115,2.932575426103599
230,9,3.4787029480413194,6.119526225074774,24.589282402571584
230,12,-19.460160460110895,4.994048641763653,17.68586021165656
231,2,25.355087528672037,5.466745916358957,2.952180652573043
231,9,3.679254723342377,5.9967060838511985,23.58376099010459
231,12,-19.258374526320626,4.951000092813811,17.200893599928648
232,2,25.338616791666855,5.471081324117961,3.006250429400796
232,9,3.9478592526905145,6.016658119201,23.261087634337432
232,12,-19.391494340906974,5.137876588110043,18.646024460274713
233,2,25.35760064452966,5.467283747874338,2.7438174740742785
233,9,4.188639192592082,5.992109470549692,23.108155270755756
233,12,-18.815883953354923,4.847605547105418,23.443157169573624
234,2,25.362656283533134,5.465349748575907,2.660080914367939
234,9,4.426506995738584,5.9845452668428205,23.08825022787178
234,12,-18.810969226560008,5.046636376844345,22.779699771208303
235,2,25.39044597224406,5.458921680612048,2.4211031178555507
235,9,4.656237058386892,6.061014043140824,22.608682951665017
235,12,-18.60103874053492,5.0910675311666616,23.59179669141974
235,14,-16.916171375775892,2.0644323361458694,0
236,2,25.39751197384207,5.45494901692627,1.6880158059094623
236,9,4.881565220266712,6.055933297069148,21.974417875675194
236,12,-18.424493441031707,5.177395785857648,23.278823901250163
236,14,-16.750945099969314,2.006920620740961,15.100534308901096
237,2,25.339823759023915,5.419072955846808,1.8173186470601275
237,9,5.105353306142282,6.021164944983795,21.696350792438864
237,12,-18.11109404748116,5.1665316502003025,24.567564621869334
237,14,-16.50935774640206,1.9168296439335057,18.677774694427523
238,2,25.376589264963936,5.440018255463456,2.061950117288646
238,9,5.356361246202695,5.968021700505332,20.76648720117637
238,12,-17.750715910529205,5.119106108518708,24.980416347372486
238,14,-16.24908447258389,1.804855109635565,20.603834810915206
239,2,25.57283939643373,5.554726878936768,4.217800441214455
239,9,5.5290840676412,5.928945004988243,20.256608809124216
239,12,-17.34045853649624,5.030826522552638,26.731756230461777
239,14,-16.04493203793915,1.7493898291658374,20.01785297546105
240,2,25.64598367944423,5.598032492848577,4.8047889497967065
240,9,5.768561565885137,5.985728507120061,20.361582304134956
240,12,-17.14403903332296,5.076980805105671,26.6880478481335
240,14,-15.53789516528466,1.4827688907115675,25.90348238483092
241,2,25.488079466895325,5.506495655784929,6.391867450484174
241,9,5.968558016664815,5.981248665168342,19.696986923868465
241,12,-16.89323791294938,5.084435412662534,26.893951188711522
241,14,-14.994713835608351,1.1867743550914638,30.485092219273856
242,2,25.428281280956707,5.471850912765738,6.868982970123072
242,9,6.2078107826720235,6.094545725316666,19.91463718361898
242,12,-16.496413016347937,5.011148797671376,24.581483071530975
242,14,-15.133356060750435,1.345160849195428,28.725587477566272
243,2,25.403659666921573,5.4581223770483405,7.08742785812973
243,9,6.437156501088901,6.103913775123185,19.833587890041404
243,12,-16.143437481172818,4.969135019455312,26.081189478615855
243,14,-15.112119341584512,1.3892400213294591,25.66278602613709
244,2,25.392635183171578,5.45266179965296,6.931864560207497
244,9,6.677575476242214,6.188311997694046,19.95519344554422
244,12,-15.83837379868551,4.923012304640252,26.982206542085876
244,14,-14.771277037294803,1.2089247917457022,26.50942354418625
245,2,25.387723949941897,5.450276986726024,6.90648288203771
245,9,6.955591402112499,6.2954536996951775,20.651085102309455
245,12,-15.673984938742574,4.962388008879101,26.71863427805497
245,14,-14.394697799508021,0.9897041459702185,29.010514403867813
246,2,25.38657930724657,5.450021259052649,6.266216673418733
246,9,7.158428295429842,6.351683779964815,20.497770966214276
246,12,-15.62516085099117,5.137936321899498,25.45868250149962
246,14,-14.15828286165817,0.873299403675382,29.064986883770196
247,2,25.38773587683762,5.4508101535834035,5.873842228820851
247,9,7.375194063509756,6.337718534898019,20.120322777030953
247,12,-15.243355979809577,5.04689097708618,25.73704239242382
247,14,-14.076714560825138,0.8789291495477164,27.131792963032474
248,2,25.388505921015437,5.451188463236423,3.702024865901467
248,9,7.619225195485618,6.414671498569506,20.875939886428156
248,12,-14.925909227002991,4.979985901949629,24.82377320660895
248,14,-13.988716578578323,0.8855743524423493,25.94925393390181
249,2,25.38928068987476,5.452188681415678,2.898947649642377
249,9,7.822110611676286,6.415431059914825,20.46133984905785
249,12,-14.661425292532787,4.997004620758719,25.430478321500686
249,14,-13.878741006153742,0.8903289940112917,21.510949959683387
250,2,25.38937349151026,5.452954768366801,1.1559283671117007
250,9,7.997624007974238,6.430995159186702,20.232661521769923
250,12,-14.53533191130551,5.0902483429570795,24.528142045457777
250,14,-13.797131546786355,0.8990359591152262,16.365488744444534
251,2,25.38813835368363,5.452723832311737,0.5051936000480916
251,9,8.173460280426859,6.407865916803951,19.394730538199255
251,12,-14.13663788806455,4.96806839543635,24.657224233348522
251,14,-13.672386833314611,0.8573759355729299,15.608064771721583
252,2,25.386625111033176,5.4517118434291145,0.2522952974811242
252,9,8.358861900708629,6.325400800797919,19.139409280229287
252,12,-13.813689783391437,4.912603409148348,24.390699967084586
252,14,-13.64420613652725,0.8777646083853479,15.472405200119876
253,2,25.32812425467171,5.417259272267112,0.7854196098801229
253,9,8.567574497378448,6.259332307552081,18.79528145176642
253,12,-13.602323602584132,4.943151283105725,23.47991422679148
253,14,-13.519217245727885,0.8481748295634378,13.006174472009242
254,2,25.301883671772234,5.401950605000637,1.0244128773206687
254,9,8.654244005395181,6.146222082643938,17.304460176797576
254,12,-13.322339223367491,4.9175949476170295,24.555089681736604
254,14,-13.487667202755315,0.8947127513971448,9.366461511042717
255,2,25.292599836025882,5.39678465290321,1.1150564597916555
255,9,8.876294029445383,6.221944763624353,17.535778000351016
255,12,-13.182260876237748,4.9939684535744915,24.33771690093839
255,14,-13.380961195143875,0.8780677530367648,7.874939537541995
256,2,25.28977212200768,5.395239755944808,1.132532226757137
256,9,8.978663875862773,6.122344359270737,16.82237426678844
256,12,-12.926292491985379,4.984998861438726,23.029732203974934
256,14,-13.374080109848567,0.9206037926587455,7.5040465104485055
257,2,25.347555621159422,5.429004537740431,1.766144948663484
257,9,9.216191045939224,6.158031335430541,16.671960705192404
257,12,-12.58275381368529,4.8650985224436765,23.407982884266644
257,14,-13.408899954641909,0.9757884018341684,7.2834958687705535
258,2,25.372823059807647,5.4435580873102705,2.033658346843632
258,9,9.358278328529398,6.1597217202910075,16.088964494859187
258,12,-12.352957735299299,4.893884390201448,23.0872901421469
258,14,-13.529249809458479,1.1139239312930855,7.98484852039398
259,2,25.384068413268572,5.45002314756047,2.1506577602035875
259,9,9.610007917708321,6.280063661936739,17.074992242195766
259,12,-12.1387888989079,4.951504805020644,23.710283709449783
259,14,-13.436617531894123,1.1372369312936714,8.113822647796637
260,2,25.325848700650145,5.416475887675195,2.783019280271673
260,9,9.78550708706686,6.304858848142216,17.07394834215465
260,12,-11.887922496275147,4.941525464092292,22.118944843726254
260,14,-13.140686957872656,0.9969141128536366,9.993510921551861
261,2,25.367210049515037,5.4404935710712,3.2242598593947016
261,9,9.93872162420699,6.250387798338554,16.687406020737672
261,12,-11.59284654952788,4.900244393196407,21.83385199492091
261,14,-12.94732554479745,0.9063729449690189,11.707573017914973
262,2,25.383037544568154,5.449779390369,2.749134888361408
262,9,10.075809165660175,6.20894314552862,15.961367381244669
262,12,-11.366190720384525,4.886312162240504,21.96352749427531
262,14,-12.870953716973826,0.906509172716951,11.208183833613994
263,2,25.387634779670496,5.45232248613517,2.5081671768117086
263,9,10.201231672938844,6.215487800750813,15.79924805132198
263,12,-11.149102396447395,4.926919309921271,21.385275724971635
263,14,-12.707713796182585,0.8646562357185523,12.285143181661509
264,2,25.389743520588205,5.453657721071045,2.4302123155427373
264,9,10.357519647526575,6.191061291794957,15.066338803548673
264,12,-11.017020836347866,5.029903951691987,21.461420388654012
264,14,-12.532047057922574,0.8102226059139622,13.013157678040464
265,2,25.391598771476882,5.454915170070239,2.420804309047956
265,9,10.49660680970468,6.162118706367377,15.059036821551164
265,12,-10.795620618665017,5.036504107844555,21.129334072023628
265,14,-12.43872682609785,0.8197259666476302,13.499524288604801
266,2,25.392792990027232,5.455540297037228,1.7918907450361894
266,9,10.657335153606793,6.1240964431963345,14.339481433664279
266,12,-10.554037206150426,5.057442791533264,19.96532688456959
266,14,-12.468945746115477,0.9012861514546764,13.707894098226491
267,2,25.385696594784957,5.4514193120340275,1.5909442658882396
267,9,10.924171537316278,6.225708024940615,15.715045785861921
267,12,-10.292718091771913,5.0305263088214875,20.26368133549428
267,14,-12.321115879920525,0.9083171567160612,13.370197019121699
268,2,25.329395901895232,5.4191111458006835,2.089078043062928
268,9,11.079981907734478,6.254433438204249,14.558635156038086
268,12,-10.043475517299283,5.017061162935641,20.530500393467253
268,14,-12.186974212723646,0.958421405789185,13.827398637449884
269,2,25.36993932931774,5.442410208591652,1.893125451033215
269,9,11.219030843104031,6.244142715140722,14.195994143346617
269,12,-9.808795585107307,4.983718698740379,20.395964930622874
269,14,-11.920238660592906,0.9101149202637578,13.2861208059809
270,2,25.323966361080103,5.416268694521643,1.9416211445269402
270,9,11.378778393476045,6.212653861408494,14.19802868869244
270,12,-9.610831766090776,5.024327163773577,19.476593392059577
270,14,-11.693930503516793,0.8850239960405147,13.422163217089604
271,2,25.332132441757807,5.399910066281764,1.9409806884619887
271,9,11.491988958137316,6.143484280977958,14.09688428302956
271,12,-9.365034396572478,5.005982555778005,19.662621949500114
271,14,-11.449730781820922,0.8397716554928719,15.071571820915759
272,2,25.342901464932048,5.398359085102715,1.9949400377651831
272,9,11.726155152165934,6.247579526406366,15.350041164706997
272,12,-9.102612182099099,4.966533768142499,20.089560171301517
272,14,-11.22903337629066,0.8277530099193493,15.575112111569211
273,2,25.33687811328471,5.392609993070043,2.05085892175279
273,9,11.806465521171695,6.151487595507189,15.034019447879729
273,12,-8.915198973292783,4.958313012151942,20.2824038795084
273,14,-10.939604193908876,0.7569750550817967,16.66890370941409
274,2,25.30849587213506,5.395503639794997,2.3029728798286775
274,9,11.999086810616161,6.203697636904707,15.58551681008431
274,12,-8.717824666976083,5.030895767993064,20.174977219958716
274,14,-10.78111036686298,0.8054431476055695,17.358801560757474
275,2,25.479887459484303,5.5023521431620335,4.2270158138793885
275,9,12.06568242637454,6.092168403044539,15.247306619705276
275,12,-8.503304205021585,5.0307711242771616,19.90674667379971
275,14,-10.511508204741887,0.7214303953968864,19.232867647166753
276,2,25.542643498381448,5.541661197107435,4.8584927917636405
276,9,12.167969046316818,6.029334505494314,13.660245299423329
276,12,-8.20686824262378,4.962703770595277,20.30425646721619
276,14,-10.278101910892321,0.7054386332644542,20.05722581971802
277,2,25.594653760423828,5.55184265238894,4.7442260275563255
277,9,12.315158438374919,5.980983508534557,13.626595867834054
277,12,-8.039595497594343,5.054479945993864,19.740242264286067
277,14,-10.032205686418148,0.6764617289006009,21.058503247521347
278,2,25.612036954775395,5.5545414128574935,4.464475463333105
278,9,12.420257765272154,5.9495703931648345,13.341417694146362
278,12,-7.8197903977175445,5.032009149840824,19.585971217404648
278,14,-9.860788914651698,0.7356881847971013,20.198105556185943
279,2,25.61312828244554,5.552012097853528,3.983699167761831
279,9,12.595889925146686,6.030443419944143,13.634270312361078
279,12,-7.628885779876309,4.999964761891445,19.50435131223174
279,14,-9.64590548061462,0.7233907309972114,20.0786109411615
280,2,25.61147845017613,5.550023604333905,3.833131826705225
280,9,12.769216864794148,6.034328371942063,14.024614135239702
280,12,-7.388233488373702,4.954329838534163,19.489581884451052
280,14,-9.44255831988154,0.7119270116783318,19.650043153960503
280,15,100.04551716944532,48.38671132196057,0
281,2,25.611188051583387,5.549372797466689,3.7356215256803447
281,9,12.885717338905238,6.022815078435296,12.689697620499231
281,12,-7.2043603004354875,4.996289921373934,18.75332007927291
281,14,-9.209661607519543,0.6840318837605001,19.779867684738104
281,15,102.66926251486534,49.7985608758611,257.17073829857986
282,2,25.609615700472723,5.54838227806931,3.6735879143087473
282,9,13.102833083673186,6.150965417654088,13.906539617779892
282,12,-6.936822996764356,4.972905610521601,19.529797044072193
282,14,-9.056323518151501,0.7464574627439049,18.51010272393677
282,15,103.33576148352167,50.610398206417884,173.91650710968105
283,2,25.54913539749867,5.513304727907402,4.070506411607717
283,9,13.265712886642993,6.180154300261974,13.579534154002628
283,12,-6.770786934820922,4.976672724666233,19.10572528724005
283,14,-8.77913659141467,0.6780837587554751,19.658613557232506
283,15,103.45365536705393,51.44537404618844,140.20589950403462
284,2,25.37959537714436,5.435320319268419,3.9232563340915285
284,9,13.40693748634572,6.170284363141775,13.691455114244237
284,12,-6.567038736344167,5.0024671534380385,19.018011318038003
284,14,-8.596677717955021,0.6750213548512874,18.70049050858786
284,15,99.00612100996497,49.754790974014945,207.82471091983837
285,2,25.31410902099955,5.405270862273447,3.904083088478586
285,9,13.413503993595093,6.04092578371565,13.782379530787264
285,12,-6.295341829047498,4.919540532111533,18.825436936190062
285,14,-8.43822024963518,0.6836992817145293,17.978729958967072
285,15,97.47835666336498,49.41866211125801,193.2639349650596
286,2,25.314030752937377,5.3878149683622985,3.5632267195986693
286,9,13.493723023857363,5.972691632337868,13.306563454375812
286,12,-6.183811045515649,4.96488942249199,18.150291564544727
286,14,-8.228688710045578,0.7121060127523722,17.632043103331018
286,15,102.12854626914088,52.40646799847955,240.56714852746245
287,2,25.497220818515185,5.487029099729101,5.392502715048072
287,9,13.602630882202757,5.927196102236897,13.386501572003564
287,12,-6.011781082269678,5.03655636660692,17.818562973971726
287,14,-8.026131713056975,0.7161022260047916,17.835708130979306
287,15,105.00259736832068,54.277291775711994,248.4855829383908
288,2,25.56669186002524,5.525025848902358,6.12548319610053
288,9,13.817255635780622,5.997611028418958,13.698411963009749
288,12,-5.815483922387446,5.119101332466052,18.004341019025556
288,14,-7.773071686017835,0.6665810031474724,18.244498119497123
288,15,108.37046444922598,56.74923711495037,262.49879684824987
289,2,25.408365075138654,5.4324829723193995,7.859479834770146
289,9,13.94964818637733,6.0116519616571615,13.312537551594954
289,12,-5.62490875528314,5.18156797453617,17.57862967061928
289,14,-7.565653778419298,0.6544269912549737,18.283853866296255
290,2,25.348675232669883,5.397453857568388,8.51638992612849
290,9,14.077351799408689,5.996083192952719,13.423605366911602
290,12,-5.370842101559822,5.139723890522126,18.239306286811768
290,14,-7.354356952526907,0.6292332691675917,18.075091444806173
291,2,25.327034969856378,5.384749013092578,8.739230446582365
291,9,14.148169778337158,5.983890835370178,11.694888890107666
291,12,-5.1762176313958745,5.129724801463691,17.532721713715482
291,14,-7.19245643168655,0.6673244989452864,18.08240817387673
292,2,25.321771340295687,5.381258972667437,8.12927234683374
292,9,14.254264913672992,5.959694220875775,11.151542609832255
292,12,-5.003471609090111,5.132526545149152,17.596881072160418
292,14,-6.976333984530316,0.6825304250927308,17.42221813008823
292,17,-17.049558793993018,2.127453440719192,0
293,2,25.318197796175404,5.3790846064271065,6.379669563463701
293,9,14.445406719359084,6.045219418087148,11.802100768859482
293,12,-4.849640013188486,5.169387403964889,17.14432631896509
293,14,-6.7117949974451205,0.6228484019055077,18.272918365597093
293,17,-16.772100956191075,2.0025441639422463,26.263366892801944
294,2,25.349456395507236,5.41871864664151,6.172763152773009
294,9,14.601487268426666,6.100205375233218,12.146950534440741
294,12,-4.63349127496227,5.264198675832863,16.683584145242865
294,14,-6.4923036361793365,0.569549862512877,18.91715357764932
294,17,-16.430958847565254,1.809678211456436,30.044277850129326
295,2,25.36541387666372,5.435830038785194,6.229743483743702
295,9,14.740961939462045,6.101386770730637,12.474615456493009
295,12,-4.4393351437701485,5.2759648073080045,17.394372519900053
295,14,-6.313706499409207,0.5833504538379332,18.607202907304504
295,17,-16.147535218171402,1.6804266528379992,28.99187959203394
296,2,25.36858624502285,5.4408997870362485,4.289113730231946
296,9,14.814684113573012,6.093468792868213,12.053764314493323
296,12,-4.255891685429716,5.256069309341046,17.376707906380094
296,14,-6.100797983068293,0.6031535914306905,18.714913645983273
296,17,-15.913689466109982,1.5802119475310474,27.23377663989193
297,2,25.371464103030828,5.443521681658716,3.567051079854637
297,9,14.89337429064267,6.076844089348735,10.658806024016078
297,12,-4.052295317891786,5.335477957464916,17.430295849493785
297,14,-5.8708371122617375,0.562489692133797,18.481565426730285
297,17,-15.67703298429234,1.48770505009594,26.17338116343231
298,2,25.372586321300247,5.444124326319078,1.8204909027076006
298,9,14.973514958667572,6.05622544253359,10.175598359138744
298,12,-3.8847111206508735,5.316063842136049,17.124872989891784
298,14,-5.6616331585702175,0.5403310697141137,18.50650521396044
298,17,-15.484564750876379,1.4170014438613203,24.76083414448407
299,2,25.369454638920175,5.442777988912662,1.1894381198851456
299,9,15.052276659909957,6.033466637397827,9.728060186651993
299,12,-3.711151885233997,5.283814575746319,16.348438693132533
299,14,-5.440498090263773,0.5221058180086794,18.593694833157596
299,17,-15.354388072422308,1.3847694954287875,22.87719027042124
300,2,25.36860374664717,5.4426580883470415,0.9570164096884434
300,9,15.132711050997292,6.011510538017396,9.838516413591607
300,12,-3.5653788882753585,5.253902508961403,15.906600058560777
300,14,-5.22953596578778,0.5328535833938961,19.024444154422337
300,17,-15.249040455160236,1.379319889828694,21.155678894883145
301,2,25.36930677114936,5.443105825974493,0.9044412433695995
301,9,15.295660776379522,6.106917958174209,10.605811062846563
301,12,-3.3113493234193148,5.318872049809056,16.764341366286928
301,14,-5.019016002199616,0.5165497191376199,18.97163587140392
301,17,-15.234991102732186,1.4190008719380431,19.20875342101949
302,2,25.369703054405697,5.443638124557651,0.8706881959257392
302,9,15.408626917659355,6.129874922145268,9.70308384594961
302,12,-3.1636895744030835,5.331553395829825,16.66860099168436
302,14,-4.783775765843183,0.5113380853456511,18.627437662760695
302,17,-15.255526474723075,1.4752411360101825,16.864799541903928
303,2,25.3711163139613,5.444027194584042,0.40064825169490587
303,9,15.50275776314439,6.1241854943777785,9.02043579385654
303,12,-3.025380833425832,5.317314024512503,15.73843965580111
303,14,-4.57131969147663,0.5021878077406374,18.500682884152468
303,17,-15.142359824207071,1.4697575648672638,14.193033148996571
304,2,25.373519224625227,5.445448539014717,0.2030316610642949
304,9,15.552746295694329,6.071793956920403,8.377244480454884
304,12,-2.862680360038405,5.288270618737075,15.458016705475396
304,14,-4.3471790325568875,0.5270386133517087,18.945529523082207
304,17,-14.950885662113201,1.3882077999929785,13.201507511855477
305,2,25.374712649881513,5.445922413097184,0.15799100643732786
305,9,15.68736801764944,6.067870442014894,8.957778085694871
305,12,-2.6442611239053173,5.453426434857633,16.314553319178142
305,14,-4.158123293496129,0.5322856053666923,18.708656329970907
305,17,-14.878868252644113,1.4038385553096198,11.468323732167374
306,2,25.37488263361642,5.4460870859588715,0.12292411344555101
306,9,15.761368076847836,6.059481551088168,8.900685400603187
306,12,-2.5336575842574387,5.478651200394128,15.306690246356283
306,14,-3.9426560921725766,0.5241798596868668,18.53690289133689
306,17,-14.749867674667207,1.3734537354910996,10.30248084253154
307,2,25.374233917703418,5.445918546460823,0.1171358872329791
307,9,15.839577120191699,6.042350549102415,8.874913093100465
307,12,-2.413964450188334,5.500455744285873,14.855538325535475
307,14,-3.676219558723533,0.4539329374996792,19.16188303432328
307,17,-14.701776563488298,1.3978949377110348,8.853385754917348
308,2,25.373911338927925,5.445962981132488,0.08756677511654327
308,9,15.947161493820643,6.015430965407866,9.152240685037095
308,12,-2.2564793426129475,5.483962346762236,14.6811508984039
308,14,-3.409202112865847,0.4013787257351669,19.64385213320298
308,17,-14.623654083229134,1.4121297114648832,8.328800813324019
309,2,25.37416554479737,5.446157320689857,0.0823945096846864
309,9,16.038603822468037,5.991706975736809,9.258622217251268
309,12,-2.001001464322346,5.4662381346777416,15.710026222748391
309,14,-3.2098302130666054,0.4413357687517405,19.568095014234213
309,17,-14.53169266296646,1.3971627795848398,8.210675112697249
310,2,25.375210505641267,5.446579631906667,0.08521003607966444
310,9,16.23998868769099,6.07957746643103,9.554914649049984
310,12,-1.8944507762588443,5.547866175484059,14.48262877316729
310,14,-2.9773175948765385,0.40636543251026674,19.798047741703588
310,17,-14.518154580917493,1.4553755055167445,8.380152133559987
311,2,25.376212332934653,5.44706195437793,0.08950916826647014
311,9,16.40752293553814,6.137055944045716,10.148031771940481
311,12,-1.7715440328552774,5.560553840680829,14.246288303858355
311,14,-2.7556189924917174,0.4104281255484041,19.667981306402478
311,17,-14.534852464703048,1.5306331557194266,8.545257981348518
312,2,25.378228475801492,5.448250529420946,0.09789673033665831
312,9,16.467608018510823,6.1592634576560545,9.857970668033259
312,12,-1.5519982239282992,5.5280355178675356,15.041344628973
312,14,-2.5404916621236096,0.37893053618058037,19.713707545099574
312,17,-14.435677896168363,1.519944659950521,8.415302674075615
313,2,25.377944524531614,5.448112397157117,0.07415047041300155
313,9,16.485157134506707,6.166746674969128,9.34646059138589
313,12,-1.3868725211172719,5.496552377835831,15.068464713957034
313,14,-2.3469889153038523,0.3997274168186443,19.41739309913508
313,17,-14.375171384316397,1.5489288329661028,7.062798943762663
314,2,25.381279052143306,5.4498204152087855,0.09776641613134993
314,9,16.54438968970151,6.156460301302385,8.63140162860714
314,12,-1.2420503449004625,5.4662113481936965,13.861371349309909
314,14,-2.1071376768818517,0.381617519107448,19.91039214482996
314,17,-14.186134633806335,1.487873934726884,8.26119533824234
315,2,25.38438512200843,5.451225168877319,0.12818999059419636
315,9,16.591218742667923,6.14560982871593,8.378172908269331
315,12,-1.10542889164634,5.4360328118504935,14.115242275570878
315,14,-1.8876474549693927,0.4309957596803546,20.00012302747905
315,17,-13.949009761984769,1.36636619854816,9.545477470545803
316,2,25.379575188325823,5.448422741459839,0.17514971743693736
316,9,16.628943062027595,6.131508133617411,7.996576054435717
316,12,-0.9363628155740242,5.3053577407465236,14.997726850296665
316,14,-1.6557657117918976,0.4136197147371528,19.58764411807501
316,17,-13.779037306090602,1.2959998850194894,10.792388986027728
317,2,25.31882042557008,5.413629736949687,0.8434715722277287
317,9,16.69562457152972,6.113434055985333,7.59556710726142
317,12,-0.763098661644765,5.234677120144343,15.27373671390919
317,14,-1.4632432276576242,0.4033859078652838,18.826684801817482
317,17,-13.730483861458005,1.3448725719790697,10.691519849232883
318,2,25.299004698548174,5.401745084121996,1.062003128924186
318,9,16.746807512543928,6.100461259331513,7.195950809090091
318,12,-0.579821747084537,5.034183046862494,15.422848946414007
318,14,-1.242139254835766,0.36292453108909556,19.032295262222558
318,17,-13.703931909720165,1.4098379730037607,10.471041729932798
319,2,25.29095068308933,5.3972209084539875,1.1397874982567333
319,9,16.8847548072894,6.111724986825754,6.416115391354184
319,12,-0.4431366055637847,5.179735435815856,16.050504387161116
319,14,-1.0079025372610964,0.42799135847536723,19.10881038158931
319,17,-13.649254189082388,1.4665454895255783,10.653337314793378
320,2,25.28946336945153,5.396640849321301,1.1444344083271867
320,9,16.989368245157106,6.102889925495011,5.72431925213517
320,12,-0.30806256347873046,5.162115762833961,16.171904662503103
320,14,-0.7538309101444947,0.440080393675688,19.421680669850375
320,17,-13.54055999085444,1.500958195567348,11.007452173769266
321,2,25.289657876022613,5.397039360172477,1.1262416909497874
321,9,17.05324152101623,6.093038485210807,5.729793553488996
321,12,-0.20100072887051337,4.965819943478352,16.1877578725822
321,14,-0.5318456658915108,0.4383064936342779,19.46552216209508
321,17,-13.207327736894495,1.4081285220281552,13.368340104855843
322,2,25.289001792168314,5.396595913808054,1.130807910441889
322,9,17.07286435079087,6.088470015913365,5.740051609975591
322,14,-0.2617833347907408,0.3677133311934656,20.276095432508477
322,17,-12.92610485925164,1.3740748896313106,15.441659914682866
323,2,25.293909615220496,5.399490162293885,1.1495202181761757
323,9,17.16223406514189,6.068501463307826,6.041711389255476
323,14,-0.03534057444004402,0.3342386128021297,20.164556004391134
323,17,-12.62609446850393,1.3326445914147829,16.441034522877846
324,2,25.29980250447449,5.403246922902929,1.1838496601490138
324,9,17.24942907492667,6.049238772675243,6.437101977561736
324,14,0.21315522188162264,0.33525136094356917,20.390140967560615
324,17,-12.418959783099412,1.3410031217526965,15.873851899403178
325,2,25.297479107670544,5.4014899820004265,1.1583978905768264
325,9,17.303371844077738,6.032182759464705,6.593436733280867
325,14,0.4516725312728718,0.36485529126108945,20.46509565444646
325,17,-12.124265601769384,1.3235571299189424,16.940766120638006
326,2,25.298833520898995,5.401942483004854,0.500648293581494
326,9,17.34912344175244,6.019962137015257,6.385017929975573
326,14,0.7014595931744255,0.27007592649092543,21.178333467990544
326,17,-11.917111351997793,1.3405592463443674,18.273447059706225
327,2,25.29167934549646,5.397374959956851,0.3604504419260756
327,9,17.41260613874847,5.997524712711427,6.524364772209844
327,14,0.9362277991052232,0.22282943016516787,21.319307647429575
327,17,-11.6107935281007,1.2989191121964057,20.565105410501598
328,2,25.294378594574063,5.398806645220582,0.30115984623868725
328,9,17.395578944933597,5.955344303461919,5.633234554377499
328,14,1.247340852521729,0.22366939632955712,21.971533927565957
328,17,-11.329309625560805,1.3095859865266053,22.51111084445728
329,2,25.2973894118272,5.399883527773766,0.31651585348993616
329,9,17.609698923124412,6.073865693859032,6.9734756114188166
329,14,1.4823069729272949,0.16470031837900878,21.855430053388076
329,17,-10.98268767072042,1.237881792449847,24.812321503571546
330,2,25.294778720130555,5.397990607717445,0.34318947445979026
330,9,17.740312977763523,6.103045336142488,7.637182428706264
330,14,1.7052478477612072,0.09350092151040108,21.970916112497672
330,17,-10.698910170113868,1.2127788916577085,24.226970894362637
331,2,25.352130220350688,5.430947218273033,0.9699650113713769
331,9,17.81226023923448,6.105508772559579,8.134366603720666
331,14,1.947604481686762,0.05388995104526352,21.64902413547639
331,17,-10.441329960856782,1.2444701126190494,23.99915328961229
331,12,1.326489503866259,6.163896034719581,16.4373859298635
332,2,25.37284176602726,5.442822510355801,1.1442880778085387
332,9,17.86278842944875,6.098733291357633,7.745063409788277
332,14,2.203252237057469,0.052297233690562696,21.90555865204391
332,17,-10.119690410754316,1.2087996344553393,24.198191742612526
332,12,1.4519381581538935,5.955662125210783,17.34977860878972
333,2,25.384484994617793,5.449375551152545,1.205399479512764
333,9,17.935335426334987,6.083754570270816,7.599095532353372
333,14,2.447488300664679,-0.011385064254565985,21.94299943786462
333,17,-9.87185263077977,1.2276656429192019,24.593810931985033
333,12,1.5713666875165802,5.720634407375352,18.53626528786556
334,2,25.38339554157726,5.44861408222839,1.1902109948838009
334,9,17.9832848935997,6.068348642529471,7.539525893967733
334,14,2.6714369326140592,-0.0702783523525621,21.858752621043113
334,17,-9.586908918321788,1.2178080504399458,24.496986527863655
334,12,1.5722427229606122,5.254142272071753,20.960841291130496
335,2,25.386169113395987,5.449024317040341,1.2034049372088655
335,9,18.027675131805623,6.055886173437706,7.5275462612084345
335,14,2.844418954845299,-0.2121809284693788,21.442286857740726
335,17,-9.285605326756942,1.196248592053762,25.400625020059618
335,12,1.6244567738550422,5.070954041600873,20.993045935909837
336,2,25.147806144517855,5.3096327470519835,3.7701873013056035
336,9,18.09609117529714,6.037357444939554,7.56158706845397
336,14,3.1127574009809678,-0.3474255457185158,22.027482479642725
336,17,-9.015300622445057,1.1896240838633914,25.029004008642648
336,12,1.7328149376611766,5.071964979874679,19.427151275568285
337,2,25.06218806871558,5.260320017888922,4.688453812193877
337,9,18.121418394855354,6.033109119004919,7.371635141871043
337,14,3.3706779574305874,-0.44497344801341143,21.688334901575065
337,17,-8.678324152692587,1.1645349662855333,25.56820776819205
337,12,1.836729799637689,5.156994698504187,18.799930374499247
338,2,25.008184084027274,5.24889161121372,5.187177951037921
338,9,18.12932653245656,6.031547380310113,5.101843807352135
338,14,3.6399010617705128,-0.531456549938509,22.076937243747512
338,17,-8.369115132400086,1.1260134633477674,25.16194332966709
338,12,1.9407972370067377,5.273727866606089,18.99334856354993
339,2,24.988200471471014,5.244499415955756,5.352477042236359
339,9,18.18307059481243,6.016447808596945,4.353706778792916
339,14,3.928538291216872,-0.6531741731469249,22.836665942230955
339,17,-8.072050462419766,1.0827642140857983,25.308780422842897
339,12,2.0044260803597043,5.313606130889507,17.569159588008276
340,2,24.9769738385512,5.240928286621428,4.8310908697854
340,9,18.374403922124646,6.15784508048921,5.944962399180934
340,14,4.222874837116073,-0.6634729160815792,23.306062212823896
340,17,-7.742650466362811,1.0850744486198798,25.979012485909376
340,12,2.2113726728305503,5.387513375111518,17.81485461024147
341,2,24.99684686619528,5.233677948627124,4.805003301233167
341,9,18.4443360197579,6.212196097099339,6.3054555352015
341,14,4.487436754693293,-0.7387950261967895,23.492332878195903
341,17,-7.4512688916525835,1.100099512922317,25.67362728931291
341,12,2.375206565445206,5.431681150818096,17.11073395781055
342,2,25.062678195369934,5.266366285444011,5.381766939521172
342,9,18.4940070982498,6.22614732006504,6.089824419019699
342,14,4.775326840342125,-0.8297079759772561,23.967076317957194
342,17,-7.141379792783559,1.0753289937144879,26.271327642401914
342,12,2.498157913335085,5.304177676683374,16.28113232784355
343,9,18.536781096042937,6.2227392653229,6.018336880717896
343,14,5.045489656325733,-0.8756690972550597,24.374491306489045
343,17,-6.823456737595698,1.0875567149742948,26.588232585517876
343,12,2.6304249513153977,5.269303233652999,13.11912109985321
344,9,18.603076110476753,6.2052083890455245,6.233807414265488
344,14,5.301106777486481,-0.9737289584571941,24.85441171595265
344,17,-6.511908668881237,1.101848555251334,26.682235544454425
344,12,2.74849107078563,5.337837530490122,12.601541742980814
345,9,18.62040180864745,6.196666137812516,5.7392915791797074
345,14,5.5431262318001595,-1.0657744910546094,24.45581565675124
345,17,-6.168003316298396,1.0307163723702832,27.457129245151926
345,12,2.929634250930388,5.335698973258583,13.299655699108378
346,9,18.69129426722782,6.182325455071224,6.186658668127525
346,14,5.829202627688456,-1.139303114767261,24.64401428308739
346,17,-5.84757454748584,1.0525789075110061,27.296629573993947
346,12,3.056505540022553,5.320888726095394,13.23696414813977
347,9,18.791041289309813,6.207117488267849,7.095071853838392
347,14,6.095812373732849,-1.2008447151020367,24.556239893678264
347,17,-5.485020793971869,1.021776958018007,27.797829562570485
347,12,3.1583608113105597,5.30260847379744,12.729597040683764
348,9,18.840612844634645,6.206578370328655,7.035127673096395
348,14,6.40136876946373,-1.2318780270617182,24.497513703889926
348,17,-5.115419265387518,0.9752726000854256,28.49140065820561
348,12,3.2712280007254213,5.280670886416912,13.112127243605492
349,9,18.854740422198883,6.204896760036629,4.889909705069337
349,14,6.73262284053455,-1.3080858279702794,24.93282729262395
349,17,-4.790410996233135,0.9828193806813983,28.450044694193156
349,12,3.386014267742169,5.355491965319517,12.318718091159793
350,9,18.87895399164223,6.194874369564325,4.29181787271365
350,14,6.998381001773116,-1.4004740035974794,24.993091919052482
350,17,-4.453479905976716,0.9515985924987719,28.897013328299824
350,12,3.479768971127767,5.372599789010409,11.605380964364917
351,9,18.92319147211072,6.1864708916775255,4.228861011812416
351,14,7.296033554334417,-1.4741772609490231,25.03853218497719
351,17,-4.132214327211889,1.0047336492865242,29.038495796684977
351,12,3.6067754231848377,5.2575276084375275,11.550291512065277
352,9,18.945440632208506,6.1332865860124715,4.370234009152944
352,14,7.653771661230734,-1.5368596090586193,25.89345655199783
352,17,-3.782479481279201,0.9605408109950339,29.368001158192286
352,12,3.728878274147218,5.299594774425375,11.477009592287406
353,9,18.953105843440678,6.112994746407985,3.9206123957486247
353,14,7.890908611563817,-1.6371220698106788,25.73695044581728
353,17,-3.4110069807701033,0.9466940595193736,29.94203297753905
353,12,3.8004538152387792,5.309299031008032,10.860486459275446
354,9,18.964617385624603,6.092024348439858,3.9647776189075827
354,14,8.203881592903913,-1.719310429831619,26.356995369464162
354,17,-3.0608157957157736,0.9646047390858535,29.936894736613382
354,12,3.908820434005993,5.326544691832885,10.175486544371116
355,9,19.109352209548923,6.198555637498285,4.994648624855874
355,14,8.473588320142234,-1.8319819830780508,26.327464389808622
355,17,-2.671773178824254,0.928899266250541,30.603465926850674
355,12,4.00713816969569,5.220280961414894,10.338880454022739
356,9,19.211097309558422,6.221942614107501,5.0101513318204445
356,14,8.752388124434926,-1.939703178346256,26.569777355651823
356,17,-2.2791710390386086,0.9755959999531408,30.905656258374012
356,12,4.118725078247736,5.260613496462038,10.484362699287624
356,18,100.68865479665693,49.18126566479341,0
357,9,19.126768563780928,6.119524116315531,5.807055331900155
357,14,9.01557109271333,-2.116373520652951,26.664280069616225
357,17,-1.9097010528668246,0.9528883077265762,30.88313260512771
357,12,4.223073817776599,5.260517742778155,10.382410825821271
358,9,19.10197511690983,6.07311539527697,6.175222353683768
358,14,9.249552563364002,-2.200446257535039,25.78886904221214
358,17,-1.5351048842886048,0.9680805895281872,31.360814006889555
358,12,4.305704548097156,5.254407060591413,9.862973407688472
358,18,98.90570114810785,48.769170017213035,78.97521338312694
359,9,19.234751187969923,6.1714644433122245,7.508552113364214
359,14,9.494933456394916,-2.3341600705845877,25.770539950255284
359,17,-1.1193462760140156,0.9282426683113914,32.121222106893384
359,12,4.399404865563893,5.273334553917163,9.865755516338917
359,20,10.090864298315159,-1.9643222733686265,0
359,18,100.50925353790446,50.57831090212519,143.81985304915247
360,9,19.28339680932767,6.2086085990367135,7.663693162387143
360,14,9.668754345851438,-2.386559753705186,24.570832331068214
360,17,-0.7126322623457734,0.8707274661358563,32.93765948737135
360,12,4.459233477119586,5.274077182905564,8.795944280507058
360,20,10.553663948358624,-2.150286184857793,43.05020830791012
361,9,19.320822610229335,6.268826098629229,7.790761900250648
361,14,9.807621791127765,-2.458781129195794,22.588848683406805
361,17,-0.31480703740548655,0.8675854066449211,33.3723133376066
361,12,4.59106700512523,5.35210206015366,9.026558292182886
362,9,19.389763506662515,6.277604063177893,8.249242376114188
362,14,10.030252963154684,-2.3578058303702067,22.464156843115756
362,17,0.08427610672361459,0.8241466659806983,33.65724225194736
362,12,4.752489072057248,5.357488306084945,9.882804490835516
363,9,19.3642113751702,6.24095598250721,8.448284690020582
363,14,10.217393938755903,-2.3862646996134047,21.17624033605663
363,17,0.4799740077484406,0.7661395563759326,34.12983989201289
363,12,4.836654889622152,5.35277524555365,9.638895268541901
364,9,19.431189915136795,6.259859255950383,7.3921989870022
364,17,0.8969591841901539,0.7591465718072548,34.38270201137279
364,12,4.982366218740543,5.429876907351381,9.831497741691683
364,20,10.842084515294868,-2.665140250887473,27.892211650055557
365,9,19.431504386612517,6.275329668436296,6.539374265583172
365,17,1.2611092207104082,0.7366341316891306,34.089962184978475
365,12,5.1211800173877124,5.440612332234794,10.028830704385905
365,20,11.161376039764905,-2.6077502250157942,27.928430855839355
366,9,19.451763250057304,6.270693829913112,5.466343374306658
366,17,1.728364619438462,0.7325803088039691,35.02124701819257
366,12,5.2064552599513805,5.469626802709376,9.891949967764377
366,20,11.358590752676804,-2.642341256113212,25.266869704314097
367,9,19.46064275903556,6.268783996862016,5.048836252506393
367,17,2.2019240344739854,0.7569392649837035,35.973396069404785
367,12,5.29830717879744,5.5715617245868545,10.413255666843787
367,20,11.818827179345629,-2.509744585822699,28.481598082930606
368,9,19.463136819262417,6.2677853371659,3.4899472042134176
368,17,2.6871836199291304,0.9823140111486088,37.099116190249205
368,20,12.966070092873805,-1.9677538383421522,41.98751147283979
368,14,11.737557057816272,-2.6601986193144396,21.33576809810952
369,9,19.463370021576118,6.267385221960438,2.9074050813266292
369,17,3.14583956547614,1.0992028664621771,37.69905038362887
369,20,13.429461733408026,-1.8497201444305733,41.885605436422004
369,14,12.151936406181177,-2.570958603633076,22.534503608834083
370,9,19.460998206157615,6.267200313662367,2.250258861358058
370,17,3.6242780795385072,1.1961014730028514,38.56520585544354
370,14,11.705678852749765,-2.5970441203548345,23.781613159456022
371,9,19.461838202347415,6.269038932798587,1.6031357399653452
371,17,4.10466947336936,1.2521262099711081,39.35360458724708
371,14,11.901079313199464,-2.468069537212427,23.642555746777013
372,9,19.46613142805182,6.273170004439522,1.231808900687892
372,17,4.539604335807281,1.2293976046910888,39.695035320750236
372,14,12.182104774198677,-2.409475626125642,23.715643658955045
373,9,19.51804382891849,6.31510982076905,1.2044012076780115
373,17,4.97721624475094,1.2761131166136337,39.916137415456575
373,14,12.494366156913488,-2.3693907733356423,24.99381882638785
374,9,19.58825295503811,6.312884745487977,1.72967530257705
374,17,5.3568833170541925,1.2163638826754906,40.10309778706536
374,14,12.970555584462911,-2.251144169963681,28.198225656768678
375,9,19.561025174103612,6.269621066102764,2.0206096278116807
375,17,5.7513781591546325,1.1982262274067859,39.409122276270665
375,14,13.990303344422244,-1.8366467610848825,36.410585771294485
376,9,19.51941531815397,6.258581563642881,2.3463653934597577
376,17,6.1701202699743,0.9262044928422313,39.650367638413755
376,12,5.494376703903379,4.985007035972138,10.155509709687188
377,9,19.505771400182905,6.256272847983535,2.453310936027142
377,17,6.608846688414864,0.786500697712967,38.93482501097884
377,12,5.587279458344142,5.1337001132715585,11.263169604509102
378,9,19.573634215729797,6.286531973561239,3.161468297868675
378,17,7.087787981976808,0.7158464924625373,39.03848292606208
378,12,5.77425745662161,5.190784533667292,11.66889450065096
379,9,19.553317739977828,6.26160085632501,3.447088248465132
379,17,7.583331195597217,0.7588970693353296,39.12726454561921
379,12,5.803207569811304,5.188330353923655,10.398568469040375
